date,jgb_20y_d,jgb_40y_d
1986-12-01,5.9,
1986-12-02,5.877,
1986-12-03,5.854,
1986-12-04,5.824,
1986-12-05,5.77,
1986-12-06,5.795,
1986-12-08,5.796,
1986-12-09,5.781,
1986-12-10,5.777,
1986-12-11,5.793,
1986-12-12,5.796,
1986-12-15,5.824,
1986-12-16,5.804,
1986-12-17,5.795,
1986-12-18,5.787,
1986-12-19,5.787,
1986-12-22,5.737,
1986-12-23,5.741,
1986-12-24,5.734,
1986-12-25,5.74,
1986-12-26,5.735,
1986-12-27,5.744,
1987-01-05,5.744,
1987-01-06,5.745,
1987-01-07,5.747,
1987-01-08,5.73,
1987-01-09,5.739,
1987-01-12,5.747,
1987-01-13,5.703,
1987-01-14,5.7,
1987-01-16,5.702,
1987-01-19,5.694,
1987-01-20,5.692,
1987-01-21,5.739,
1987-01-22,5.697,
1987-01-23,5.702,
1987-01-24,5.694,
1987-01-26,5.692,
1987-01-27,5.699,
1987-01-28,5.655,
1987-01-29,5.584,
1987-01-30,5.6,
1987-01-31,5.597,
1987-02-02,5.593,
1987-02-03,5.596,
1987-02-04,5.56,
1987-02-05,5.489,
1987-02-06,5.481,
1987-02-07,5.48,
1987-02-09,5.462,
1987-02-10,5.483,
1987-02-12,5.484,
1987-02-13,5.493,
1987-02-16,5.522,
1987-02-17,5.535,
1987-02-18,5.549,
1987-02-19,5.497,
1987-02-20,5.472,
1987-02-23,5.459,
1987-02-24,5.405,
1987-02-25,5.343,
1987-02-26,5.34,
1987-02-27,5.245,
1987-02-28,5.179,
1987-03-02,5.176,
1987-03-03,5.183,
1987-03-04,5.183,
1987-03-05,5.184,
1987-03-06,5.226,
1987-03-07,5.21,
1987-03-09,5.198,
1987-03-10,5.198,
1987-03-11,5.137,
1987-03-12,5.121,
1987-03-13,5.121,
1987-03-16,5.031,
1987-03-17,5.047,
1987-03-18,5.044,
1987-03-19,5.031,
1987-03-20,4.973,
1987-03-23,4.94,
1987-03-24,4.957,
1987-03-25,4.965,
1987-03-26,5.007,
1987-03-27,4.966,
1987-03-28,4.916,
1987-03-30,4.959,
1987-03-31,4.992,
1987-04-01,4.979,
1987-04-02,4.937,
1987-04-03,4.919,
1987-04-04,4.877,
1987-04-06,4.849,
1987-04-07,4.793,
1987-04-08,4.756,
1987-04-09,4.799,
1987-04-10,4.747,
1987-04-13,4.747,
1987-04-14,4.796,
1987-04-15,4.768,
1987-04-16,4.742,
1987-04-17,4.766,
1987-04-20,4.81,
1987-04-21,4.819,
1987-04-22,4.793,
1987-04-23,4.727,
1987-04-24,4.605,
1987-04-25,4.574,
1987-04-27,4.668,
1987-04-28,4.686,
1987-04-30,4.656,
1987-05-01,4.695,
1987-05-02,4.617,
1987-05-06,4.622,
1987-05-07,4.629,
1987-05-08,4.548,
1987-05-11,4.56,
1987-05-12,4.427,
1987-05-13,4.432,
1987-05-14,4.438,
1987-05-15,4.628,
1987-05-18,4.77,
1987-05-19,4.799,
1987-05-20,4.795,
1987-05-21,4.713,
1987-05-22,4.801,
1987-05-23,4.716,
1987-05-25,4.726,
1987-05-26,4.714,
1987-05-27,4.665,
1987-05-28,4.67,
1987-05-29,4.696,
1987-05-30,4.737,
1987-06-01,4.785,
1987-06-02,4.783,
1987-06-03,4.781,
1987-06-04,4.787,
1987-06-05,4.785,
1987-06-06,4.739,
1987-06-08,4.727,
1987-06-09,4.728,
1987-06-10,4.716,
1987-06-11,4.739,
1987-06-12,4.721,
1987-06-15,4.75,
1987-06-16,4.775,
1987-06-17,4.811,
1987-06-18,4.815,
1987-06-19,4.929,
1987-06-22,4.906,
1987-06-23,4.899,
1987-06-24,4.919,
1987-06-25,4.957,
1987-06-26,5.022,
1987-06-27,5.021,
1987-06-29,5.045,
1987-06-30,5.048,
1987-07-01,4.919,
1987-07-02,4.92,
1987-07-03,4.967,
1987-07-04,5.079,
1987-07-06,5.117,
1987-07-07,5.117,
1987-07-08,5.196,
1987-07-09,5.156,
1987-07-10,5.182,
1987-07-13,5.18,
1987-07-14,5.222,
1987-07-15,5.284,
1987-07-16,5.318,
1987-07-17,5.45,
1987-07-20,5.486,
1987-07-21,5.499,
1987-07-22,5.538,
1987-07-23,5.575,
1987-07-24,5.536,
1987-07-25,5.486,
1987-07-27,5.561,
1987-07-28,5.551,
1987-07-29,5.528,
1987-07-30,5.528,
1987-07-31,5.604,
1987-08-01,5.636,
1987-08-03,5.783,
1987-08-04,5.925,
1987-08-05,5.87,
1987-08-06,5.831,
1987-08-07,5.744,
1987-08-10,5.744,
1987-08-11,5.819,
1987-08-12,5.815,
1987-08-13,5.815,
1987-08-14,5.815,
1987-08-17,5.815,
1987-08-18,5.858,
1987-08-19,5.775,
1987-08-20,5.737,
1987-08-21,5.696,
1987-08-22,5.62,
1987-08-24,5.693,
1987-08-25,5.708,
1987-08-26,5.659,
1987-08-27,5.636,
1987-08-28,5.696,
1987-08-29,5.73,
1987-08-31,5.789,
1987-09-01,5.79,
1987-09-02,5.784,
1987-09-03,5.873,
1987-09-04,5.945,
1987-09-05,6.05,
1987-09-07,6.057,
1987-09-08,6.086,
1987-09-09,6.156,
1987-09-10,6.227,
1987-09-11,6.227,
1987-09-14,6.213,
1987-09-16,6.26,
1987-09-17,6.304,
1987-09-18,6.312,
1987-09-21,6.368,
1987-09-22,6.437,
1987-09-24,6.436,
1987-09-25,6.506,
1987-09-26,6.468,
1987-09-28,6.465,
1987-09-29,6.568,
1987-09-30,6.539,
1987-10-01,6.606,
1987-10-02,6.606,
1987-10-03,6.641,
1987-10-05,6.766,
1987-10-06,6.787,
1987-10-07,6.798,
1987-10-08,6.804,
1987-10-09,6.838,
1987-10-12,6.842,
1987-10-13,6.821,
1987-10-14,6.808,
1987-10-15,6.842,
1987-10-16,6.807,
1987-10-19,6.807,
1987-10-20,6.811,
1987-10-21,6.744,
1987-10-22,6.777,
1987-10-23,6.794,
1987-10-24,6.712,
1987-10-26,6.702,
1987-10-27,6.722,
1987-10-28,6.5,
1987-10-29,6.289,
1987-10-30,6.316,
1987-10-31,6.293,
1987-11-02,6.118,
1987-11-04,6.093,
1987-11-05,6.062,
1987-11-06,5.917,
1987-11-07,5.839,
1987-11-09,5.926,
1987-11-10,5.988,
1987-11-11,5.965,
1987-11-12,6.019,
1987-11-13,6.041,
1987-11-16,6.084,
1987-11-17,6.008,
1987-11-18,5.901,
1987-11-19,5.92,
1987-11-20,5.93,
1987-11-24,5.904,
1987-11-25,5.902,
1987-11-26,5.949,
1987-11-27,5.911,
1987-11-28,5.917,
1987-11-30,5.948,
1987-12-01,5.909,
1987-12-02,5.934,
1987-12-03,5.972,
1987-12-04,5.952,
1987-12-05,5.952,
1987-12-07,5.959,
1987-12-08,5.882,
1987-12-09,5.882,
1987-12-10,5.898,
1987-12-11,5.899,
1987-12-14,5.907,
1987-12-15,5.907,
1987-12-16,5.866,
1987-12-17,5.866,
1987-12-18,5.702,
1987-12-21,5.67,
1987-12-22,5.624,
1987-12-23,5.596,
1987-12-24,5.596,
1987-12-25,5.596,
1987-12-26,5.596,
1987-12-28,5.56,
1988-01-04,5.499,
1988-01-05,5.483,
1988-01-06,5.507,
1988-01-07,5.523,
1988-01-08,5.523,
1988-01-11,5.522,
1988-01-12,5.491,
1988-01-13,5.464,
1988-01-14,5.287,
1988-01-18,5.301,
1988-01-19,5.285,
1988-01-20,5.324,
1988-01-21,5.348,
1988-01-22,5.362,
1988-01-23,5.355,
1988-01-25,5.336,
1988-01-26,5.344,
1988-01-27,5.358,
1988-01-28,5.326,
1988-01-29,5.288,
1988-01-30,5.272,
1988-02-01,5.278,
1988-02-02,5.286,
1988-02-03,5.27,
1988-02-04,5.27,
1988-02-05,5.287,
1988-02-06,5.287,
1988-02-08,5.295,
1988-02-09,5.295,
1988-02-10,5.287,
1988-02-12,5.329,
1988-02-15,5.41,
1988-02-16,5.37,
1988-02-17,5.37,
1988-02-18,5.346,
1988-02-19,5.312,
1988-02-22,5.312,
1988-02-23,5.295,
1988-02-24,5.313,
1988-02-25,5.33,
1988-02-26,5.322,
1988-02-27,5.279,
1988-02-29,5.287,
1988-03-01,5.296,
1988-03-02,5.292,
1988-03-03,5.279,
1988-03-04,5.231,
1988-03-05,5.227,
1988-03-07,5.23,
1988-03-08,5.247,
1988-03-09,5.271,
1988-03-10,5.246,
1988-03-11,5.23,
1988-03-14,5.222,
1988-03-15,5.197,
1988-03-16,5.189,
1988-03-17,5.206,
1988-03-18,5.197,
1988-03-22,5.214,
1988-03-23,5.19,
1988-03-24,5.189,
1988-03-25,5.198,
1988-03-26,5.206,
1988-03-28,5.198,
1988-03-29,5.171,
1988-03-30,5.132,
1988-03-31,5.123,
1988-04-01,5.051,
1988-04-02,5.041,
1988-04-04,4.981,
1988-04-05,4.998,
1988-04-06,4.912,
1988-04-07,4.918,
1988-04-08,4.895,
1988-04-11,4.914,
1988-04-12,4.954,
1988-04-13,4.972,
1988-04-14,4.953,
1988-04-15,4.935,
1988-04-18,4.966,
1988-04-19,4.99,
1988-04-20,4.944,
1988-04-21,4.933,
1988-04-22,4.933,
1988-04-23,4.935,
1988-04-25,4.935,
1988-04-26,4.935,
1988-04-27,4.947,
1988-04-28,4.967,
1988-04-30,4.992,
1988-05-02,5.089,
1988-05-06,5.114,
1988-05-07,5.146,
1988-05-09,5.146,
1988-05-10,5.178,
1988-05-11,5.244,
1988-05-12,5.207,
1988-05-13,5.2,
1988-05-16,5.2,
1988-05-17,5.196,
1988-05-18,5.228,
1988-05-19,5.233,
1988-05-20,5.188,
1988-05-23,5.22,
1988-05-24,5.171,
1988-05-25,5.13,
1988-05-26,5.122,
1988-05-27,5.139,
1988-05-28,5.139,
1988-05-30,5.146,
1988-05-31,5.085,
1988-06-01,5.089,
1988-06-02,5.039,
1988-06-03,5.042,
1988-06-04,5.002,
1988-06-06,5.016,
1988-06-07,5.041,
1988-06-08,5.067,
1988-06-09,5.088,
1988-06-10,5.096,
1988-06-13,5.096,
1988-06-14,5.117,
1988-06-15,5.142,
1988-06-16,5.163,
1988-06-17,5.187,
1988-06-20,5.181,
1988-06-21,5.177,
1988-06-22,5.213,
1988-06-23,5.23,
1988-06-24,5.222,
1988-06-25,5.246,
1988-06-27,5.269,
1988-06-28,5.23,
1988-06-29,5.23,
1988-06-30,5.192,
1988-07-01,5.3,
1988-07-02,5.36,
1988-07-04,5.416,
1988-07-05,5.401,
1988-07-06,5.406,
1988-07-07,5.353,
1988-07-08,5.439,
1988-07-11,5.52,
1988-07-12,5.536,
1988-07-13,5.504,
1988-07-14,5.472,
1988-07-15,5.508,
1988-07-18,5.556,
1988-07-19,5.508,
1988-07-20,5.495,
1988-07-21,5.517,
1988-07-22,5.541,
1988-07-23,5.533,
1988-07-25,5.541,
1988-07-26,5.549,
1988-07-27,5.524,
1988-07-28,5.449,
1988-07-29,5.453,
1988-07-30,5.414,
1988-08-01,5.414,
1988-08-02,5.431,
1988-08-03,5.464,
1988-08-04,5.454,
1988-08-05,5.462,
1988-08-06,5.503,
1988-08-08,5.503,
1988-08-09,5.488,
1988-08-10,5.657,
1988-08-11,5.621,
1988-08-12,5.598,
1988-08-15,5.588,
1988-08-16,5.581,
1988-08-17,5.586,
1988-08-18,5.595,
1988-08-19,5.587,
1988-08-22,5.6,
1988-08-23,5.624,
1988-08-24,5.634,
1988-08-25,5.641,
1988-08-26,5.677,
1988-08-27,5.676,
1988-08-29,5.696,
1988-08-30,5.704,
1988-08-31,5.712,
1988-09-01,5.772,
1988-09-02,5.782,
1988-09-03,5.736,
1988-09-05,5.76,
1988-09-06,5.767,
1988-09-07,5.744,
1988-09-08,5.744,
1988-09-09,5.743,
1988-09-12,5.728,
1988-09-13,5.698,
1988-09-14,5.684,
1988-09-16,5.652,
1988-09-19,5.628,
1988-09-20,5.666,
1988-09-21,5.622,
1988-09-22,5.629,
1988-09-24,5.629,
1988-09-26,5.629,
1988-09-27,5.599,
1988-09-28,5.575,
1988-09-29,5.567,
1988-09-30,5.553,
1988-10-01,5.319,
1988-10-03,5.319,
1988-10-04,5.294,
1988-10-05,5.301,
1988-10-06,5.301,
1988-10-07,5.287,
1988-10-11,5.216,
1988-10-12,5.138,
1988-10-13,5.146,
1988-10-14,5.177,
1988-10-17,5.187,
1988-10-18,5.211,
1988-10-19,5.161,
1988-10-20,5.184,
1988-10-21,5.129,
1988-10-22,5.121,
1988-10-24,5.139,
1988-10-25,5.102,
1988-10-26,5.096,
1988-10-27,5.118,
1988-10-28,5.105,
1988-10-29,5.065,
1988-10-31,5.076,
1988-11-01,5.076,
1988-11-02,5.088,
1988-11-04,5.105,
1988-11-05,5.121,
1988-11-07,5.136,
1988-11-08,5.093,
1988-11-09,5.069,
1988-11-10,5.037,
1988-11-11,5.016,
1988-11-14,5.008,
1988-11-15,5.027,
1988-11-16,5.051,
1988-11-17,5.06,
1988-11-18,5.06,
1988-11-21,5.036,
1988-11-22,5.02,
1988-11-24,5.012,
1988-11-25,5.036,
1988-11-26,5.052,
1988-11-28,5.052,
1988-11-29,5.028,
1988-11-30,5.004,
1988-12-01,4.971,
1988-12-02,4.949,
1988-12-03,4.945,
1988-12-05,4.953,
1988-12-06,4.929,
1988-12-07,4.954,
1988-12-08,4.945,
1988-12-09,4.929,
1988-12-12,4.945,
1988-12-13,4.961,
1988-12-14,4.954,
1988-12-15,4.97,
1988-12-16,5.002,
1988-12-19,4.994,
1988-12-20,4.986,
1988-12-21,4.979,
1988-12-22,4.97,
1988-12-23,4.963,
1988-12-24,4.97,
1988-12-26,4.962,
1988-12-27,4.973,
1988-12-28,4.991,
1989-01-04,4.947,
1989-01-05,4.964,
1989-01-06,4.971,
1989-01-09,4.947,
1989-01-10,4.942,
1989-01-11,4.963,
1989-01-12,4.959,
1989-01-13,4.968,
1989-01-17,4.981,
1989-01-18,4.997,
1989-01-19,5.019,
1989-01-20,5.001,
1989-01-23,5.001,
1989-01-24,4.986,
1989-01-25,4.983,
1989-01-26,4.988,
1989-01-27,4.988,
1989-01-28,4.987,
1989-01-30,4.993,
1989-01-31,4.974,
1989-02-01,4.988,
1989-02-02,4.99,
1989-02-03,4.998,
1989-02-06,5.007,
1989-02-07,5.0,
1989-02-08,5.0,
1989-02-09,5.0,
1989-02-10,4.99,
1989-02-13,5.006,
1989-02-14,5.006,
1989-02-15,5.006,
1989-02-16,4.998,
1989-02-17,4.989,
1989-02-20,4.988,
1989-02-21,4.988,
1989-02-22,4.988,
1989-02-23,4.996,
1989-02-27,5.042,
1989-02-28,5.05,
1989-03-01,5.063,
1989-03-02,5.071,
1989-03-03,5.095,
1989-03-06,5.107,
1989-03-07,5.115,
1989-03-08,5.099,
1989-03-09,5.099,
1989-03-10,5.089,
1989-03-13,5.105,
1989-03-14,5.121,
1989-03-15,5.105,
1989-03-16,5.12,
1989-03-17,5.096,
1989-03-20,5.128,
1989-03-22,5.111,
1989-03-23,5.087,
1989-03-24,5.069,
1989-03-27,5.084,
1989-03-28,5.067,
1989-03-29,5.06,
1989-03-30,5.028,
1989-03-31,5.034,
1989-04-03,5.119,
1989-04-04,5.119,
1989-04-05,5.126,
1989-04-06,5.142,
1989-04-07,5.144,
1989-04-10,5.144,
1989-04-11,5.146,
1989-04-12,5.138,
1989-04-13,5.138,
1989-04-14,5.139,
1989-04-17,5.129,
1989-04-18,5.137,
1989-04-19,5.132,
1989-04-20,5.132,
1989-04-21,5.147,
1989-04-24,5.163,
1989-04-25,5.162,
1989-04-26,5.163,
1989-04-27,5.163,
1989-04-28,5.163,
1989-05-01,5.182,
1989-05-02,5.191,
1989-05-08,5.214,
1989-05-09,5.224,
1989-05-10,5.217,
1989-05-11,5.218,
1989-05-12,5.236,
1989-05-15,5.263,
1989-05-16,5.263,
1989-05-17,5.266,
1989-05-18,5.273,
1989-05-19,5.266,
1989-05-22,5.276,
1989-05-23,5.299,
1989-05-24,5.306,
1989-05-25,5.297,
1989-05-26,5.308,
1989-05-29,5.323,
1989-05-30,5.346,
1989-05-31,5.338,
1989-06-01,5.339,
1989-06-02,5.33,
1989-06-05,5.306,
1989-06-06,5.302,
1989-06-07,5.282,
1989-06-08,5.266,
1989-06-09,5.273,
1989-06-12,5.305,
1989-06-13,5.314,
1989-06-14,5.329,
1989-06-15,5.367,
1989-06-16,5.38,
1989-06-19,5.395,
1989-06-20,5.395,
1989-06-21,5.397,
1989-06-22,5.383,
1989-06-23,5.353,
1989-06-26,5.355,
1989-06-27,5.349,
1989-06-28,5.351,
1989-06-29,5.343,
1989-06-30,5.36,
1989-07-03,5.28,
1989-07-04,5.256,
1989-07-05,5.248,
1989-07-06,5.225,
1989-07-07,5.209,
1989-07-10,5.192,
1989-07-11,5.177,
1989-07-12,5.169,
1989-07-13,5.152,
1989-07-14,5.16,
1989-07-17,5.168,
1989-07-18,5.167,
1989-07-19,5.152,
1989-07-20,5.16,
1989-07-21,5.133,
1989-07-24,5.125,
1989-07-25,5.108,
1989-07-26,5.108,
1989-07-27,5.099,
1989-07-28,5.091,
1989-07-31,5.091,
1989-08-01,5.073,
1989-08-02,5.053,
1989-08-03,5.057,
1989-08-04,5.089,
1989-08-07,5.083,
1989-08-08,5.071,
1989-08-09,5.071,
1989-08-10,5.079,
1989-08-11,5.077,
1989-08-14,5.085,
1989-08-15,5.085,
1989-08-16,5.069,
1989-08-17,5.065,
1989-08-18,5.065,
1989-08-21,5.053,
1989-08-22,5.049,
1989-08-23,5.061,
1989-08-24,5.061,
1989-08-25,5.061,
1989-08-28,5.072,
1989-08-29,5.076,
1989-08-30,5.076,
1989-08-31,5.078,
1989-09-01,5.078,
1989-09-04,5.094,
1989-09-05,5.117,
1989-09-06,5.164,
1989-09-07,5.164,
1989-09-08,5.181,
1989-09-11,5.219,
1989-09-12,5.204,
1989-09-13,5.196,
1989-09-14,5.197,
1989-09-18,5.22,
1989-09-19,5.188,
1989-09-20,5.208,
1989-09-21,5.196,
1989-09-22,5.18,
1989-09-25,5.134,
1989-09-26,5.141,
1989-09-27,5.141,
1989-09-28,5.149,
1989-09-29,5.134,
1989-10-02,5.144,
1989-10-03,5.175,
1989-10-04,5.198,
1989-10-05,5.206,
1989-10-06,5.236,
1989-10-09,5.222,
1989-10-11,5.276,
1989-10-12,5.307,
1989-10-13,5.323,
1989-10-16,5.269,
1989-10-17,5.277,
1989-10-18,5.293,
1989-10-19,5.293,
1989-10-20,5.293,
1989-10-23,5.308,
1989-10-24,5.323,
1989-10-25,5.308,
1989-10-26,5.323,
1989-10-27,5.34,
1989-10-30,5.347,
1989-10-31,5.347,
1989-11-01,5.347,
1989-11-02,5.356,
1989-11-06,5.41,
1989-11-07,5.448,
1989-11-08,5.433,
1989-11-09,5.433,
1989-11-10,5.434,
1989-11-13,5.45,
1989-11-14,5.458,
1989-11-15,5.458,
1989-11-16,5.451,
1989-11-17,5.443,
1989-11-20,5.451,
1989-11-21,5.451,
1989-11-22,5.443,
1989-11-24,5.428,
1989-11-27,5.412,
1989-11-28,5.42,
1989-11-29,5.413,
1989-11-30,5.397,
1989-12-01,5.396,
1989-12-04,5.388,
1989-12-05,5.388,
1989-12-06,5.381,
1989-12-07,5.389,
1989-12-08,5.39,
1989-12-11,5.385,
1989-12-12,5.391,
1989-12-13,5.383,
1989-12-14,5.378,
1989-12-15,5.386,
1989-12-18,5.406,
1989-12-19,5.438,
1989-12-20,5.476,
1989-12-21,5.53,
1989-12-22,5.545,
1989-12-25,5.553,
1989-12-26,5.553,
1989-12-27,5.553,
1989-12-28,5.553,
1989-12-29,5.553,
1990-01-04,5.598,
1990-01-05,5.628,
1990-01-08,5.68,
1990-01-09,5.807,
1990-01-10,5.853,
1990-01-11,5.904,
1990-01-12,6.035,
1990-01-16,6.23,
1990-01-17,6.238,
1990-01-18,6.36,
1990-01-19,6.353,
1990-01-22,6.318,
1990-01-23,6.282,
1990-01-24,6.302,
1990-01-25,6.252,
1990-01-26,6.224,
1990-01-29,6.186,
1990-01-30,6.21,
1990-01-31,6.26,
1990-02-01,6.18,
1990-02-02,6.165,
1990-02-05,6.191,
1990-02-06,6.176,
1990-02-07,6.176,
1990-02-08,6.214,
1990-02-09,6.17,
1990-02-13,6.155,
1990-02-14,6.162,
1990-02-15,6.168,
1990-02-16,6.206,
1990-02-19,6.248,
1990-02-20,6.291,
1990-02-21,6.285,
1990-02-22,6.255,
1990-02-23,6.318,
1990-02-26,6.347,
1990-02-27,6.368,
1990-02-28,6.391,
1990-03-01,6.438,
1990-03-02,6.487,
1990-03-05,6.516,
1990-03-06,6.437,
1990-03-07,6.459,
1990-03-08,6.458,
1990-03-09,6.471,
1990-03-12,6.513,
1990-03-13,6.584,
1990-03-14,6.591,
1990-03-15,6.591,
1990-03-16,6.576,
1990-03-19,6.604,
1990-03-20,6.604,
1990-03-22,6.605,
1990-03-23,6.589,
1990-03-26,6.602,
1990-03-27,6.695,
1990-03-28,6.723,
1990-03-29,6.68,
1990-03-30,6.749,
1990-04-02,6.763,
1990-04-03,6.757,
1990-04-04,6.763,
1990-04-05,6.754,
1990-04-06,6.763,
1990-04-09,6.743,
1990-04-10,6.743,
1990-04-11,6.756,
1990-04-12,6.729,
1990-04-13,6.727,
1990-04-16,6.736,
1990-04-17,6.728,
1990-04-18,6.715,
1990-04-19,6.693,
1990-04-20,6.694,
1990-04-23,6.695,
1990-04-24,6.7,
1990-04-25,6.7,
1990-04-26,6.686,
1990-04-27,6.7,
1990-05-01,6.699,
1990-05-02,6.694,
1990-05-07,6.664,
1990-05-08,6.657,
1990-05-09,6.649,
1990-05-10,6.649,
1990-05-11,6.599,
1990-05-14,6.566,
1990-05-15,6.529,
1990-05-16,6.544,
1990-05-17,6.529,
1990-05-18,6.529,
1990-05-21,6.543,
1990-05-22,6.522,
1990-05-23,6.493,
1990-05-24,6.473,
1990-05-25,6.421,
1990-05-28,6.392,
1990-05-29,6.406,
1990-05-30,6.364,
1990-05-31,6.354,
1990-06-01,6.327,
1990-06-04,6.317,
1990-06-05,6.324,
1990-06-06,6.339,
1990-06-07,6.356,
1990-06-08,6.382,
1990-06-11,6.403,
1990-06-12,6.403,
1990-06-13,6.428,
1990-06-14,6.428,
1990-06-15,6.463,
1990-06-18,6.47,
1990-06-19,6.5,
1990-06-20,6.526,
1990-06-21,6.538,
1990-06-22,6.538,
1990-06-25,6.558,
1990-06-26,6.562,
1990-06-27,6.554,
1990-06-28,6.582,
1990-06-29,6.63,
1990-07-02,6.608,
1990-07-03,6.6,
1990-07-04,6.59,
1990-07-05,6.606,
1990-07-06,6.591,
1990-07-09,6.607,
1990-07-10,6.635,
1990-07-11,6.623,
1990-07-12,6.641,
1990-07-13,6.633,
1990-07-16,6.633,
1990-07-17,6.643,
1990-07-18,6.651,
1990-07-19,6.668,
1990-07-20,6.699,
1990-07-23,6.754,
1990-07-24,6.776,
1990-07-25,6.769,
1990-07-26,6.792,
1990-07-27,6.841,
1990-07-30,6.881,
1990-07-31,6.91,
1990-08-01,6.911,
1990-08-02,6.949,
1990-08-03,7.039,
1990-08-06,7.167,
1990-08-07,7.236,
1990-08-08,7.175,
1990-08-09,7.219,
1990-08-10,7.214,
1990-08-13,7.244,
1990-08-14,7.223,
1990-08-15,7.185,
1990-08-16,7.215,
1990-08-17,7.238,
1990-08-20,7.239,
1990-08-21,7.253,
1990-08-22,7.285,
1990-08-23,7.434,
1990-08-24,7.494,
1990-08-27,7.467,
1990-08-28,7.438,
1990-08-29,7.519,
1990-08-30,7.43,
1990-08-31,7.432,
1990-09-03,7.432,
1990-09-04,7.447,
1990-09-05,7.47,
1990-09-06,7.499,
1990-09-07,7.499,
1990-09-10,7.506,
1990-09-11,7.552,
1990-09-12,7.537,
1990-09-13,7.56,
1990-09-14,7.591,
1990-09-17,7.658,
1990-09-18,7.649,
1990-09-19,7.651,
1990-09-20,7.651,
1990-09-21,7.681,
1990-09-25,7.718,
1990-09-26,7.749,
1990-09-27,7.748,
1990-09-28,7.748,
1990-10-01,7.673,
1990-10-02,7.565,
1990-10-03,7.563,
1990-10-04,7.572,
1990-10-05,7.531,
1990-10-08,7.455,
1990-10-09,7.448,
1990-10-11,7.508,
1990-10-12,7.469,
1990-10-15,7.44,
1990-10-16,7.401,
1990-10-17,7.323,
1990-10-18,7.292,
1990-10-19,7.276,
1990-10-22,7.237,
1990-10-23,7.197,
1990-10-24,7.2,
1990-10-25,7.157,
1990-10-26,7.179,
1990-10-29,7.095,
1990-10-30,7.112,
1990-10-31,7.149,
1990-11-01,7.182,
1990-11-02,7.225,
1990-11-05,7.234,
1990-11-06,7.253,
1990-11-07,7.278,
1990-11-08,7.311,
1990-11-09,7.311,
1990-11-13,7.281,
1990-11-14,7.283,
1990-11-15,7.275,
1990-11-16,7.245,
1990-11-19,7.188,
1990-11-20,7.205,
1990-11-21,7.165,
1990-11-22,7.105,
1990-11-26,7.03,
1990-11-27,7.042,
1990-11-28,7.042,
1990-11-29,7.049,
1990-11-30,7.037,
1990-12-03,6.988,
1990-12-04,7.004,
1990-12-05,6.954,
1990-12-06,7.004,
1990-12-07,6.979,
1990-12-10,6.944,
1990-12-11,6.915,
1990-12-12,6.963,
1990-12-13,6.957,
1990-12-14,6.963,
1990-12-17,6.952,
1990-12-18,6.94,
1990-12-19,6.979,
1990-12-20,7.002,
1990-12-21,7.025,
1990-12-25,7.033,
1990-12-26,7.021,
1990-12-27,7.039,
1990-12-28,7.014,
1991-01-04,6.74,
1991-01-07,6.772,
1991-01-08,6.821,
1991-01-09,6.804,
1991-01-10,6.765,
1991-01-11,6.733,
1991-01-14,6.765,
1991-01-16,6.822,
1991-01-17,6.73,
1991-01-18,6.73,
1991-01-21,6.754,
1991-01-22,6.761,
1991-01-23,6.761,
1991-01-24,6.778,
1991-01-25,6.765,
1991-01-28,6.771,
1991-01-29,6.753,
1991-01-30,6.745,
1991-01-31,6.761,
1991-02-01,6.782,
1991-02-04,6.8,
1991-02-05,6.781,
1991-02-06,6.773,
1991-02-07,6.806,
1991-02-08,6.779,
1991-02-12,6.756,
1991-02-13,6.74,
1991-02-14,6.715,
1991-02-15,6.699,
1991-02-18,6.65,
1991-02-19,6.638,
1991-02-20,6.615,
1991-02-21,6.622,
1991-02-22,6.615,
1991-02-25,6.607,
1991-02-26,6.619,
1991-02-27,6.635,
1991-02-28,6.644,
1991-03-01,6.721,
1991-03-04,6.737,
1991-03-05,6.746,
1991-03-06,6.753,
1991-03-07,6.785,
1991-03-08,6.777,
1991-03-11,6.817,
1991-03-12,6.769,
1991-03-13,6.793,
1991-03-14,6.777,
1991-03-15,6.769,
1991-03-18,6.761,
1991-03-19,6.769,
1991-03-20,6.794,
1991-03-22,6.77,
1991-03-25,6.771,
1991-03-26,6.795,
1991-03-27,6.811,
1991-03-28,6.818,
1991-03-29,6.802,
1991-04-01,6.789,
1991-04-02,6.789,
1991-04-03,6.769,
1991-04-04,6.792,
1991-04-05,6.767,
1991-04-08,6.783,
1991-04-09,6.783,
1991-04-10,6.798,
1991-04-11,6.854,
1991-04-12,6.831,
1991-04-15,6.83,
1991-04-16,6.781,
1991-04-17,6.781,
1991-04-18,6.777,
1991-04-19,6.793,
1991-04-22,6.808,
1991-04-23,6.802,
1991-04-24,6.81,
1991-04-25,6.818,
1991-04-26,6.825,
1991-04-30,6.832,
1991-05-01,6.809,
1991-05-02,6.808,
1991-05-07,6.824,
1991-05-08,6.832,
1991-05-09,6.835,
1991-05-10,6.827,
1991-05-13,6.827,
1991-05-14,6.827,
1991-05-15,6.827,
1991-05-16,6.803,
1991-05-17,6.768,
1991-05-20,6.768,
1991-05-21,6.768,
1991-05-22,6.767,
1991-05-23,6.76,
1991-05-24,6.759,
1991-05-27,6.758,
1991-05-28,6.758,
1991-05-29,6.758,
1991-05-30,6.751,
1991-05-31,6.742,
1991-06-03,6.75,
1991-06-04,6.742,
1991-06-05,6.751,
1991-06-06,6.739,
1991-06-07,6.747,
1991-06-10,6.792,
1991-06-11,6.815,
1991-06-12,6.839,
1991-06-13,6.839,
1991-06-14,6.847,
1991-06-17,6.847,
1991-06-18,6.848,
1991-06-19,6.855,
1991-06-20,6.84,
1991-06-21,6.823,
1991-06-24,6.847,
1991-06-25,6.84,
1991-06-26,6.84,
1991-06-27,6.84,
1991-06-28,6.84,
1991-07-01,6.897,
1991-07-02,6.913,
1991-07-03,6.924,
1991-07-04,6.904,
1991-07-05,6.903,
1991-07-08,6.906,
1991-07-09,6.907,
1991-07-10,6.907,
1991-07-11,6.906,
1991-07-12,6.898,
1991-07-15,6.874,
1991-07-16,6.873,
1991-07-17,6.872,
1991-07-18,6.88,
1991-07-19,6.872,
1991-07-22,6.868,
1991-07-23,6.868,
1991-07-24,6.852,
1991-07-25,6.845,
1991-07-26,6.815,
1991-07-29,6.819,
1991-07-30,6.802,
1991-07-31,6.799,
1991-08-01,6.804,
1991-08-02,6.796,
1991-08-05,6.772,
1991-08-06,6.774,
1991-08-07,6.774,
1991-08-08,6.782,
1991-08-09,6.774,
1991-08-12,6.766,
1991-08-13,6.752,
1991-08-14,6.722,
1991-08-15,6.722,
1991-08-16,6.683,
1991-08-19,6.778,
1991-08-20,6.723,
1991-08-21,6.691,
1991-08-22,6.68,
1991-08-23,6.68,
1991-08-26,6.696,
1991-08-27,6.685,
1991-08-28,6.689,
1991-08-29,6.651,
1991-08-30,6.614,
1991-09-02,6.591,
1991-09-03,6.591,
1991-09-04,6.575,
1991-09-05,6.563,
1991-09-06,6.556,
1991-09-09,6.544,
1991-09-10,6.544,
1991-09-11,6.525,
1991-09-12,6.49,
1991-09-13,6.45,
1991-09-17,6.458,
1991-09-18,6.45,
1991-09-19,6.445,
1991-09-20,6.389,
1991-09-24,6.357,
1991-09-25,6.363,
1991-09-26,6.352,
1991-09-27,6.356,
1991-09-30,6.358,
1991-10-01,6.32,
1991-10-02,6.312,
1991-10-03,6.289,
1991-10-04,6.306,
1991-10-07,6.31,
1991-10-08,6.332,
1991-10-09,6.347,
1991-10-11,6.367,
1991-10-14,6.372,
1991-10-15,6.355,
1991-10-16,6.349,
1991-10-17,6.336,
1991-10-18,6.336,
1991-10-21,6.327,
1991-10-22,6.351,
1991-10-23,6.367,
1991-10-24,6.359,
1991-10-25,6.384,
1991-10-28,6.376,
1991-10-29,6.361,
1991-10-30,6.389,
1991-10-31,6.38,
1991-11-01,6.364,
1991-11-05,6.387,
1991-11-06,6.41,
1991-11-07,6.394,
1991-11-08,6.386,
1991-11-11,6.372,
1991-11-12,6.313,
1991-11-13,6.313,
1991-11-14,6.309,
1991-11-15,6.292,
1991-11-18,6.281,
1991-11-19,6.281,
1991-11-20,6.311,
1991-11-21,6.299,
1991-11-22,6.31,
1991-11-25,6.302,
1991-11-26,6.297,
1991-11-27,6.297,
1991-11-28,6.292,
1991-11-29,6.288,
1991-12-02,6.272,
1991-12-03,6.281,
1991-12-04,6.258,
1991-12-05,6.237,
1991-12-06,6.21,
1991-12-09,6.218,
1991-12-10,6.193,
1991-12-11,6.2,
1991-12-12,6.188,
1991-12-13,6.192,
1991-12-16,6.18,
1991-12-17,6.18,
1991-12-18,6.18,
1991-12-19,6.193,
1991-12-20,6.181,
1991-12-24,6.139,
1991-12-25,6.127,
1991-12-26,6.087,
1991-12-27,6.062,
1991-12-30,6.031,
1992-01-06,6.026,
1992-01-07,5.991,
1992-01-08,5.975,
1992-01-09,5.939,
1992-01-10,5.946,
1992-01-13,5.966,
1992-01-14,5.963,
1992-01-16,5.999,
1992-01-17,5.981,
1992-01-20,5.973,
1992-01-21,5.977,
1992-01-22,5.922,
1992-01-23,5.946,
1992-01-24,5.967,
1992-01-27,5.971,
1992-01-28,5.991,
1992-01-29,5.988,
1992-01-30,6.004,
1992-01-31,6.038,
1992-02-03,6.045,
1992-02-04,6.09,
1992-02-05,6.107,
1992-02-06,6.083,
1992-02-07,6.083,
1992-02-10,6.101,
1992-02-12,6.132,
1992-02-13,6.117,
1992-02-14,6.16,
1992-02-17,6.12,
1992-02-18,6.128,
1992-02-19,6.152,
1992-02-20,6.124,
1992-02-21,6.112,
1992-02-24,6.14,
1992-02-25,6.131,
1992-02-26,6.115,
1992-02-27,6.111,
1992-02-28,6.111,
1992-03-02,6.112,
1992-03-03,6.128,
1992-03-04,6.144,
1992-03-05,6.111,
1992-03-06,6.127,
1992-03-09,6.115,
1992-03-10,6.094,
1992-03-11,6.099,
1992-03-12,6.102,
1992-03-13,6.094,
1992-03-16,6.092,
1992-03-17,6.068,
1992-03-18,6.065,
1992-03-19,6.044,
1992-03-23,6.042,
1992-03-24,6.046,
1992-03-25,6.046,
1992-03-26,6.043,
1992-03-27,6.03,
1992-03-30,6.03,
1992-03-31,6.054,
1992-04-01,6.079,
1992-04-02,6.135,
1992-04-03,6.189,
1992-04-06,6.156,
1992-04-07,6.171,
1992-04-08,6.163,
1992-04-09,6.175,
1992-04-10,6.109,
1992-04-13,6.112,
1992-04-14,6.112,
1992-04-15,6.095,
1992-04-16,6.103,
1992-04-17,6.122,
1992-04-20,6.168,
1992-04-21,6.154,
1992-04-22,6.154,
1992-04-23,6.131,
1992-04-24,6.146,
1992-04-27,6.178,
1992-04-28,6.183,
1992-04-30,6.183,
1992-05-01,6.168,
1992-05-06,6.142,
1992-05-07,6.126,
1992-05-08,6.119,
1992-05-11,6.117,
1992-05-12,6.117,
1992-05-13,6.087,
1992-05-14,6.077,
1992-05-15,6.101,
1992-05-18,6.093,
1992-05-19,6.086,
1992-05-20,6.061,
1992-05-21,6.082,
1992-05-22,6.098,
1992-05-25,6.093,
1992-05-26,6.101,
1992-05-27,6.138,
1992-05-28,6.13,
1992-05-29,6.098,
1992-06-01,6.101,
1992-06-02,6.117,
1992-06-03,6.101,
1992-06-04,6.105,
1992-06-05,6.128,
1992-06-08,6.148,
1992-06-09,6.145,
1992-06-10,6.145,
1992-06-11,6.142,
1992-06-12,6.142,
1992-06-15,6.142,
1992-06-16,6.154,
1992-06-17,6.123,
1992-06-18,6.114,
1992-06-19,6.107,
1992-06-22,6.121,
1992-06-23,6.13,
1992-06-24,6.113,
1992-06-25,6.094,
1992-06-26,6.075,
1992-06-29,6.075,
1992-06-30,6.081,
1992-07-01,6.1,
1992-07-02,6.091,
1992-07-03,6.06,
1992-07-06,6.088,
1992-07-07,6.081,
1992-07-08,6.074,
1992-07-09,6.073,
1992-07-10,6.101,
1992-07-13,6.089,
1992-07-14,6.089,
1992-07-15,6.105,
1992-07-16,6.089,
1992-07-17,6.093,
1992-07-20,6.093,
1992-07-21,6.106,
1992-07-22,6.1,
1992-07-23,6.088,
1992-07-24,6.093,
1992-07-27,6.104,
1992-07-28,6.076,
1992-07-29,6.058,
1992-07-30,6.058,
1992-07-31,6.093,
1992-08-03,6.11,
1992-08-04,6.092,
1992-08-05,6.11,
1992-08-06,6.136,
1992-08-07,6.147,
1992-08-10,6.14,
1992-08-11,6.148,
1992-08-12,6.135,
1992-08-13,6.122,
1992-08-14,6.09,
1992-08-17,6.094,
1992-08-18,6.068,
1992-08-19,6.065,
1992-08-20,6.04,
1992-08-21,6.08,
1992-08-24,6.08,
1992-08-25,6.03,
1992-08-26,6.013,
1992-08-27,6.015,
1992-08-28,6.031,
1992-08-31,6.098,
1992-09-01,5.748,
1992-09-02,5.724,
1992-09-03,5.724,
1992-09-04,5.684,
1992-09-07,5.588,
1992-09-08,5.653,
1992-09-09,5.659,
1992-09-10,5.652,
1992-09-11,5.708,
1992-09-14,5.715,
1992-09-16,5.755,
1992-09-17,5.786,
1992-09-18,5.784,
1992-09-21,5.789,
1992-09-22,5.784,
1992-09-24,5.753,
1992-09-25,5.743,
1992-09-28,5.727,
1992-09-29,5.736,
1992-09-30,5.736,
1992-10-01,5.731,
1992-10-02,5.719,
1992-10-05,5.727,
1992-10-06,5.729,
1992-10-07,5.757,
1992-10-08,5.789,
1992-10-09,5.781,
1992-10-12,5.799,
1992-10-13,5.783,
1992-10-14,5.776,
1992-10-15,5.783,
1992-10-16,5.768,
1992-10-19,5.762,
1992-10-20,5.783,
1992-10-21,5.79,
1992-10-22,5.778,
1992-10-23,5.778,
1992-10-26,5.785,
1992-10-27,5.782,
1992-10-28,5.779,
1992-10-29,5.771,
1992-10-30,5.76,
1992-11-02,5.674,
1992-11-04,5.671,
1992-11-05,5.676,
1992-11-06,5.673,
1992-11-09,5.635,
1992-11-10,5.633,
1992-11-11,5.621,
1992-11-12,5.607,
1992-11-13,5.592,
1992-11-16,5.595,
1992-11-17,5.58,
1992-11-18,5.592,
1992-11-19,5.595,
1992-11-20,5.591,
1992-11-24,5.585,
1992-11-25,5.58,
1992-11-26,5.583,
1992-11-27,5.581,
1992-11-30,5.592,
1992-12-01,5.571,
1992-12-02,5.558,
1992-12-03,5.558,
1992-12-04,5.558,
1992-12-07,5.553,
1992-12-08,5.558,
1992-12-09,5.549,
1992-12-10,5.556,
1992-12-11,5.567,
1992-12-14,5.591,
1992-12-15,5.586,
1992-12-16,5.572,
1992-12-17,5.576,
1992-12-18,5.576,
1992-12-21,5.576,
1992-12-22,5.568,
1992-12-24,5.557,
1992-12-25,5.55,
1992-12-28,5.541,
1992-12-29,5.538,
1992-12-30,5.528,
1993-01-04,5.635,
1993-01-05,5.616,
1993-01-06,5.603,
1993-01-07,5.573,
1993-01-08,5.582,
1993-01-11,5.586,
1993-01-12,5.562,
1993-01-13,5.562,
1993-01-14,5.548,
1993-01-18,5.504,
1993-01-19,5.491,
1993-01-20,5.475,
1993-01-21,5.44,
1993-01-22,5.405,
1993-01-25,5.405,
1993-01-26,5.404,
1993-01-27,5.412,
1993-01-28,5.418,
1993-01-29,5.422,
1993-02-01,5.401,
1993-02-02,5.334,
1993-02-03,5.358,
1993-02-04,5.364,
1993-02-05,5.327,
1993-02-08,5.304,
1993-02-09,5.25,
1993-02-10,5.248,
1993-02-12,5.232,
1993-02-15,5.232,
1993-02-16,5.208,
1993-02-17,5.167,
1993-02-18,5.13,
1993-02-19,5.093,
1993-02-22,5.031,
1993-02-23,5.015,
1993-02-24,4.961,
1993-02-25,4.961,
1993-02-26,5.003,
1993-03-01,5.011,
1993-03-02,5.011,
1993-03-03,5.032,
1993-03-04,5.049,
1993-03-05,5.056,
1993-03-08,5.098,
1993-03-09,5.164,
1993-03-10,5.155,
1993-03-11,5.175,
1993-03-12,5.175,
1993-03-15,5.224,
1993-03-16,5.216,
1993-03-17,5.223,
1993-03-18,5.248,
1993-03-19,5.233,
1993-03-22,5.289,
1993-03-23,5.306,
1993-03-24,5.314,
1993-03-25,5.378,
1993-03-26,5.41,
1993-03-29,5.467,
1993-03-30,5.411,
1993-03-31,5.427,
1993-04-01,5.389,
1993-04-02,5.403,
1993-04-05,5.431,
1993-04-06,5.43,
1993-04-07,5.463,
1993-04-08,5.487,
1993-04-09,5.432,
1993-04-12,5.408,
1993-04-13,5.431,
1993-04-14,5.403,
1993-04-15,5.408,
1993-04-16,5.424,
1993-04-19,5.455,
1993-04-20,5.469,
1993-04-21,5.469,
1993-04-22,5.464,
1993-04-23,5.446,
1993-04-26,5.445,
1993-04-27,5.483,
1993-04-28,5.575,
1993-04-30,5.575,
1993-05-06,5.559,
1993-05-07,5.562,
1993-05-10,5.582,
1993-05-11,5.581,
1993-05-12,5.589,
1993-05-13,5.576,
1993-05-14,5.576,
1993-05-17,5.577,
1993-05-18,5.612,
1993-05-19,5.631,
1993-05-20,5.616,
1993-05-21,5.598,
1993-05-24,5.62,
1993-05-25,5.598,
1993-05-26,5.54,
1993-05-27,5.535,
1993-05-28,5.535,
1993-05-31,5.527,
1993-06-01,5.505,
1993-06-02,5.52,
1993-06-03,5.52,
1993-06-04,5.486,
1993-06-07,5.505,
1993-06-08,5.49,
1993-06-10,5.475,
1993-06-11,5.479,
1993-06-14,5.476,
1993-06-15,5.467,
1993-06-16,5.477,
1993-06-17,5.468,
1993-06-18,5.473,
1993-06-21,5.491,
1993-06-22,5.53,
1993-06-23,5.515,
1993-06-24,5.483,
1993-06-25,5.488,
1993-06-28,5.457,
1993-06-29,5.45,
1993-06-30,5.426,
1993-07-01,5.395,
1993-07-02,5.376,
1993-07-05,5.346,
1993-07-06,5.29,
1993-07-07,5.263,
1993-07-08,5.259,
1993-07-09,5.271,
1993-07-12,5.292,
1993-07-13,5.28,
1993-07-14,5.277,
1993-07-15,5.28,
1993-07-16,5.276,
1993-07-19,5.267,
1993-07-20,5.265,
1993-07-21,5.265,
1993-07-22,5.263,
1993-07-23,5.246,
1993-07-26,5.242,
1993-07-27,5.241,
1993-07-28,5.241,
1993-07-29,5.249,
1993-07-30,5.252,
1993-08-02,5.323,
1993-08-03,5.323,
1993-08-04,5.327,
1993-08-05,5.327,
1993-08-06,5.325,
1993-08-09,5.316,
1993-08-10,5.309,
1993-08-11,5.267,
1993-08-12,5.188,
1993-08-13,5.212,
1993-08-16,5.217,
1993-08-17,5.199,
1993-08-18,5.204,
1993-08-19,5.237,
1993-08-20,5.302,
1993-08-23,5.262,
1993-08-24,5.262,
1993-08-25,5.23,
1993-08-26,5.17,
1993-08-27,5.137,
1993-08-30,5.113,
1993-08-31,5.072,
1993-09-01,5.052,
1993-09-02,5.06,
1993-09-03,5.06,
1993-09-06,5.003,
1993-09-07,4.986,
1993-09-08,4.97,
1993-09-09,4.934,
1993-09-10,4.939,
1993-09-13,4.988,
1993-09-14,5.02,
1993-09-16,4.995,
1993-09-17,4.986,
1993-09-20,4.976,
1993-09-21,4.893,
1993-09-22,4.902,
1993-09-24,4.844,
1993-09-27,4.741,
1993-09-28,4.691,
1993-09-29,4.716,
1993-09-30,4.698,
1993-10-01,4.711,
1993-10-04,4.736,
1993-10-05,4.692,
1993-10-06,4.718,
1993-10-07,4.692,
1993-10-08,4.674,
1993-10-12,4.648,
1993-10-13,4.657,
1993-10-14,4.67,
1993-10-15,4.676,
1993-10-18,4.719,
1993-10-19,4.702,
1993-10-20,4.677,
1993-10-21,4.666,
1993-10-22,4.645,
1993-10-25,4.653,
1993-10-26,4.631,
1993-10-27,4.61,
1993-10-28,4.61,
1993-10-29,4.586,
1993-11-01,4.535,
1993-11-02,4.492,
1993-11-04,4.437,
1993-11-05,4.477,
1993-11-08,4.456,
1993-11-09,4.431,
1993-11-10,4.412,
1993-11-11,4.43,
1993-11-12,4.438,
1993-11-15,4.441,
1993-11-16,4.458,
1993-11-17,4.45,
1993-11-18,4.407,
1993-11-19,4.405,
1993-11-22,4.423,
1993-11-24,4.44,
1993-11-25,4.396,
1993-11-26,4.373,
1993-11-29,4.357,
1993-11-30,4.287,
1993-12-01,4.256,
1993-12-02,4.213,
1993-12-03,4.174,
1993-12-06,4.13,
1993-12-07,4.112,
1993-12-08,4.112,
1993-12-09,4.104,
1993-12-10,4.074,
1993-12-13,4.074,
1993-12-14,4.084,
1993-12-15,4.11,
1993-12-16,4.11,
1993-12-17,4.164,
1993-12-20,4.077,
1993-12-21,4.017,
1993-12-22,4.027,
1993-12-24,4.002,
1993-12-27,3.998,
1993-12-28,4.015,
1993-12-29,4.025,
1993-12-30,4.034,
1994-01-04,4.069,
1994-01-05,4.073,
1994-01-06,4.039,
1994-01-07,4.0,
1994-01-10,4.004,
1994-01-11,4.031,
1994-01-12,4.065,
1994-01-13,4.083,
1994-01-14,4.212,
1994-01-17,4.287,
1994-01-18,4.505,
1994-01-19,4.53,
1994-01-20,4.43,
1994-01-21,4.403,
1994-01-24,4.387,
1994-01-25,4.487,
1994-01-26,4.601,
1994-01-27,4.576,
1994-01-28,4.618,
1994-01-31,4.705,
1994-02-01,4.65,
1994-02-02,4.618,
1994-02-03,4.584,
1994-02-04,4.598,
1994-02-07,4.605,
1994-02-08,4.605,
1994-02-09,4.573,
1994-02-10,4.553,
1994-02-14,4.497,
1994-02-15,4.448,
1994-02-16,4.485,
1994-02-17,4.556,
1994-02-18,4.571,
1994-02-21,4.607,
1994-02-22,4.623,
1994-02-23,4.604,
1994-02-24,4.656,
1994-02-25,4.753,
1994-02-28,4.805,
1994-03-01,4.815,
1994-03-02,4.929,
1994-03-03,4.884,
1994-03-04,4.913,
1994-03-07,4.975,
1994-03-08,4.937,
1994-03-09,4.937,
1994-03-10,4.911,
1994-03-11,4.888,
1994-03-14,4.888,
1994-03-15,4.948,
1994-03-16,4.94,
1994-03-17,4.902,
1994-03-18,4.895,
1994-03-22,5.0,
1994-03-23,4.94,
1994-03-24,4.925,
1994-03-25,4.91,
1994-03-28,4.887,
1994-03-29,4.828,
1994-03-30,4.82,
1994-03-31,4.728,
1994-04-01,4.706,
1994-04-04,4.669,
1994-04-05,4.644,
1994-04-06,4.638,
1994-04-07,4.655,
1994-04-08,4.683,
1994-04-11,4.734,
1994-04-12,4.682,
1994-04-13,4.667,
1994-04-14,4.664,
1994-04-15,4.638,
1994-04-18,4.628,
1994-04-19,4.656,
1994-04-20,4.638,
1994-04-21,4.619,
1994-04-22,4.612,
1994-04-25,4.603,
1994-04-26,4.633,
1994-04-27,4.58,
1994-04-28,4.554,
1994-05-02,4.531,
1994-05-06,4.552,
1994-05-09,4.522,
1994-05-10,4.506,
1994-05-11,4.484,
1994-05-12,4.465,
1994-05-13,4.42,
1994-05-16,4.375,
1994-05-17,4.367,
1994-05-18,4.344,
1994-05-19,4.329,
1994-05-20,4.344,
1994-05-23,4.358,
1994-05-24,4.351,
1994-05-25,4.343,
1994-05-26,4.329,
1994-05-27,4.316,
1994-05-30,4.323,
1994-05-31,4.361,
1994-06-01,4.429,
1994-06-02,4.481,
1994-06-03,4.528,
1994-06-06,4.543,
1994-06-07,4.612,
1994-06-08,4.568,
1994-06-09,4.561,
1994-06-10,4.53,
1994-06-13,4.588,
1994-06-14,4.602,
1994-06-15,4.58,
1994-06-16,4.575,
1994-06-17,4.683,
1994-06-20,4.72,
1994-06-21,4.706,
1994-06-22,4.669,
1994-06-23,4.641,
1994-06-24,4.591,
1994-06-27,4.537,
1994-06-28,4.608,
1994-06-29,4.58,
1994-06-30,4.594,
1994-07-01,4.882,
1994-07-04,4.898,
1994-07-05,4.981,
1994-07-06,4.97,
1994-07-07,4.97,
1994-07-08,4.908,
1994-07-11,4.974,
1994-07-12,4.935,
1994-07-13,4.962,
1994-07-14,4.978,
1994-07-15,4.942,
1994-07-18,4.942,
1994-07-19,4.927,
1994-07-20,4.95,
1994-07-21,4.971,
1994-07-22,4.971,
1994-07-25,4.971,
1994-07-26,4.998,
1994-07-27,5.001,
1994-07-28,5.017,
1994-07-29,5.017,
1994-08-01,5.014,
1994-08-02,5.03,
1994-08-03,5.038,
1994-08-04,5.045,
1994-08-05,5.063,
1994-08-08,5.063,
1994-08-09,5.102,
1994-08-10,5.11,
1994-08-11,5.111,
1994-08-12,5.119,
1994-08-15,5.119,
1994-08-16,5.129,
1994-08-17,5.14,
1994-08-18,5.129,
1994-08-19,5.097,
1994-08-22,5.104,
1994-08-23,5.082,
1994-08-24,5.098,
1994-08-25,5.098,
1994-08-26,5.091,
1994-08-29,5.091,
1994-08-30,5.098,
1994-08-31,5.094,
1994-09-01,5.079,
1994-09-02,5.079,
1994-09-05,5.079,
1994-09-06,5.056,
1994-09-07,5.002,
1994-09-08,5.01,
1994-09-09,5.007,
1994-09-12,5.026,
1994-09-13,5.01,
1994-09-14,4.987,
1994-09-16,4.972,
1994-09-19,4.972,
1994-09-20,4.969,
1994-09-21,4.954,
1994-09-22,4.947,
1994-09-26,4.956,
1994-09-27,4.937,
1994-09-28,4.913,
1994-09-29,4.894,
1994-09-30,4.926,
1994-10-03,4.936,
1994-10-04,4.936,
1994-10-05,4.961,
1994-10-06,4.976,
1994-10-07,5.015,
1994-10-11,5.025,
1994-10-12,5.044,
1994-10-13,5.051,
1994-10-14,5.016,
1994-10-17,5.023,
1994-10-18,5.045,
1994-10-19,5.023,
1994-10-20,5.023,
1994-10-21,4.994,
1994-10-24,5.028,
1994-10-25,5.013,
1994-10-26,5.029,
1994-10-27,5.044,
1994-10-28,5.044,
1994-10-31,5.031,
1994-11-01,4.979,
1994-11-02,4.971,
1994-11-04,5.001,
1994-11-07,5.032,
1994-11-08,5.084,
1994-11-09,5.084,
1994-11-10,5.091,
1994-11-11,5.075,
1994-11-14,5.075,
1994-11-15,5.06,
1994-11-16,5.064,
1994-11-17,5.06,
1994-11-18,5.041,
1994-11-21,5.033,
1994-11-22,5.019,
1994-11-24,4.979,
1994-11-25,5.0,
1994-11-28,5.02,
1994-11-29,5.02,
1994-11-30,5.02,
1994-12-01,5.008,
1994-12-02,5.008,
1994-12-05,5.021,
1994-12-06,5.005,
1994-12-07,4.989,
1994-12-08,4.997,
1994-12-09,4.973,
1994-12-12,4.973,
1994-12-13,4.988,
1994-12-14,5.002,
1994-12-15,5.017,
1994-12-16,5.017,
1994-12-19,5.023,
1994-12-20,5.006,
1994-12-21,4.99,
1994-12-22,5.006,
1994-12-26,4.993,
1994-12-27,4.993,
1994-12-28,4.982,
1994-12-29,4.973,
1994-12-30,4.972,
1995-01-04,5.028,
1995-01-05,5.015,
1995-01-06,5.021,
1995-01-09,5.013,
1995-01-10,5.002,
1995-01-11,4.985,
1995-01-12,4.967,
1995-01-13,4.967,
1995-01-17,4.994,
1995-01-18,4.96,
1995-01-19,4.953,
1995-01-20,4.953,
1995-01-23,4.969,
1995-01-24,4.976,
1995-01-25,4.972,
1995-01-26,4.964,
1995-01-27,4.958,
1995-01-30,4.959,
1995-01-31,4.96,
1995-02-01,4.968,
1995-02-02,4.991,
1995-02-03,4.987,
1995-02-06,4.988,
1995-02-07,4.988,
1995-02-08,4.997,
1995-02-09,5.012,
1995-02-10,5.025,
1995-02-13,5.032,
1995-02-14,5.036,
1995-02-15,5.024,
1995-02-16,5.02,
1995-02-17,5.009,
1995-02-20,4.984,
1995-02-21,4.956,
1995-02-22,4.949,
1995-02-23,4.891,
1995-02-24,4.908,
1995-02-27,4.867,
1995-02-28,4.891,
1995-03-01,4.892,
1995-03-02,4.871,
1995-03-03,4.814,
1995-03-06,4.773,
1995-03-07,4.69,
1995-03-08,4.656,
1995-03-09,4.685,
1995-03-10,4.673,
1995-03-13,4.618,
1995-03-14,4.628,
1995-03-15,4.606,
1995-03-16,4.555,
1995-03-17,4.514,
1995-03-20,4.522,
1995-03-22,4.487,
1995-03-23,4.424,
1995-03-24,4.441,
1995-03-27,4.465,
1995-03-28,4.372,
1995-03-29,4.333,
1995-03-30,4.342,
1995-03-31,4.286,
1995-04-03,4.143,
1995-04-04,4.135,
1995-04-05,4.194,
1995-04-06,4.178,
1995-04-07,4.17,
1995-04-10,4.246,
1995-04-11,4.263,
1995-04-12,4.301,
1995-04-13,4.199,
1995-04-14,4.084,
1995-04-17,4.071,
1995-04-18,4.036,
1995-04-19,4.1,
1995-04-20,4.079,
1995-04-21,4.134,
1995-04-24,4.101,
1995-04-25,4.114,
1995-04-26,4.079,
1995-04-27,4.114,
1995-04-28,4.135,
1995-05-01,4.17,
1995-05-02,4.144,
1995-05-08,4.11,
1995-05-09,4.075,
1995-05-10,4.076,
1995-05-11,4.054,
1995-05-12,4.106,
1995-05-15,4.106,
1995-05-16,4.093,
1995-05-17,4.067,
1995-05-18,4.049,
1995-05-19,3.993,
1995-05-22,3.959,
1995-05-23,3.928,
1995-05-24,3.907,
1995-05-25,3.845,
1995-05-26,3.791,
1995-05-29,3.801,
1995-05-30,3.73,
1995-05-31,3.641,
1995-06-01,3.654,
1995-06-02,3.744,
1995-06-05,3.712,
1995-06-06,3.65,
1995-06-07,3.677,
1995-06-08,3.72,
1995-06-09,3.707,
1995-06-12,3.732,
1995-06-13,3.706,
1995-06-14,3.741,
1995-06-15,3.767,
1995-06-16,3.74,
1995-06-19,3.688,
1995-06-20,3.673,
1995-06-21,3.593,
1995-06-22,3.513,
1995-06-23,3.483,
1995-06-26,3.473,
1995-06-27,3.446,
1995-06-28,3.464,
1995-06-29,3.397,
1995-06-30,3.445,
1995-07-03,3.405,
1995-07-04,3.397,
1995-07-05,3.352,
1995-07-06,3.365,
1995-07-07,3.248,
1995-07-10,3.311,
1995-07-11,3.342,
1995-07-12,3.365,
1995-07-13,3.378,
1995-07-14,3.52,
1995-07-17,3.554,
1995-07-18,3.62,
1995-07-19,3.611,
1995-07-20,3.581,
1995-07-21,3.623,
1995-07-24,3.645,
1995-07-25,3.614,
1995-07-26,3.602,
1995-07-27,3.57,
1995-07-28,3.57,
1995-07-31,3.597,
1995-08-01,3.574,
1995-08-02,3.683,
1995-08-03,3.683,
1995-08-04,3.694,
1995-08-07,3.67,
1995-08-08,3.706,
1995-08-09,3.702,
1995-08-10,3.719,
1995-08-11,3.731,
1995-08-14,3.701,
1995-08-15,3.72,
1995-08-16,3.808,
1995-08-17,3.778,
1995-08-18,3.786,
1995-08-21,3.733,
1995-08-22,3.736,
1995-08-23,3.728,
1995-08-24,3.736,
1995-08-25,3.72,
1995-08-28,3.697,
1995-08-29,3.723,
1995-08-30,3.69,
1995-08-31,3.688,
1995-09-01,3.663,
1995-09-04,3.605,
1995-09-05,3.646,
1995-09-06,3.646,
1995-09-07,3.626,
1995-09-08,3.673,
1995-09-11,3.673,
1995-09-12,3.665,
1995-09-13,3.633,
1995-09-14,3.615,
1995-09-18,3.59,
1995-09-19,3.582,
1995-09-20,3.474,
1995-09-21,3.465,
1995-09-22,3.456,
1995-09-25,3.452,
1995-09-26,3.443,
1995-09-27,3.493,
1995-09-28,3.489,
1995-09-29,3.477,
1995-10-02,3.435,
1995-10-03,3.411,
1995-10-04,3.394,
1995-10-05,3.447,
1995-10-06,3.521,
1995-10-09,3.522,
1995-10-11,3.605,
1995-10-12,3.588,
1995-10-13,3.56,
1995-10-16,3.537,
1995-10-17,3.54,
1995-10-18,3.597,
1995-10-19,3.589,
1995-10-20,3.564,
1995-10-23,3.58,
1995-10-24,3.596,
1995-10-25,3.613,
1995-10-26,3.538,
1995-10-27,3.573,
1995-10-30,3.594,
1995-10-31,3.589,
1995-11-01,3.574,
1995-11-02,3.608,
1995-11-06,3.597,
1995-11-07,3.606,
1995-11-08,3.6,
1995-11-09,3.568,
1995-11-10,3.536,
1995-11-13,3.538,
1995-11-14,3.554,
1995-11-15,3.553,
1995-11-16,3.601,
1995-11-17,3.569,
1995-11-20,3.588,
1995-11-21,3.588,
1995-11-22,3.571,
1995-11-24,3.531,
1995-11-27,3.525,
1995-11-28,3.55,
1995-11-29,3.527,
1995-11-30,3.527,
1995-12-01,3.599,
1995-12-04,3.582,
1995-12-05,3.591,
1995-12-06,3.591,
1995-12-07,3.551,
1995-12-08,3.559,
1995-12-11,3.567,
1995-12-12,3.564,
1995-12-13,3.598,
1995-12-14,3.589,
1995-12-15,3.586,
1995-12-18,3.594,
1995-12-19,3.618,
1995-12-20,3.614,
1995-12-21,3.623,
1995-12-22,3.647,
1995-12-25,3.668,
1995-12-26,3.668,
1995-12-27,3.725,
1995-12-28,3.717,
1995-12-29,3.725,
1996-01-04,3.807,
1996-01-05,3.78,
1996-01-08,3.793,
1996-01-09,3.776,
1996-01-10,3.74,
1996-01-11,3.736,
1996-01-12,3.741,
1996-01-16,3.741,
1996-01-17,3.705,
1996-01-18,3.705,
1996-01-19,3.73,
1996-01-22,3.731,
1996-01-23,3.727,
1996-01-24,3.731,
1996-01-25,3.715,
1996-01-26,3.697,
1996-01-29,3.688,
1996-01-30,3.713,
1996-01-31,3.728,
1996-02-01,3.729,
1996-02-02,3.71,
1996-02-05,3.702,
1996-02-06,3.702,
1996-02-07,3.709,
1996-02-08,3.715,
1996-02-09,3.733,
1996-02-13,3.735,
1996-02-14,3.735,
1996-02-15,3.768,
1996-02-16,3.755,
1996-02-19,3.755,
1996-02-20,3.775,
1996-02-21,3.799,
1996-02-22,3.816,
1996-02-23,3.823,
1996-02-26,3.882,
1996-02-27,3.913,
1996-02-28,3.913,
1996-02-29,3.886,
1996-03-01,3.83,
1996-03-04,3.815,
1996-03-05,3.81,
1996-03-06,3.79,
1996-03-07,3.81,
1996-03-08,3.819,
1996-03-11,3.795,
1996-03-12,3.811,
1996-03-13,3.803,
1996-03-14,3.78,
1996-03-15,3.795,
1996-03-18,3.811,
1996-03-19,3.799,
1996-03-21,3.812,
1996-03-22,3.812,
1996-03-25,3.824,
1996-03-26,3.836,
1996-03-27,3.796,
1996-03-28,3.785,
1996-03-29,3.741,
1996-04-01,3.691,
1996-04-02,3.691,
1996-04-03,3.75,
1996-04-04,3.742,
1996-04-05,3.75,
1996-04-08,3.798,
1996-04-09,3.863,
1996-04-10,3.823,
1996-04-11,3.839,
1996-04-12,3.855,
1996-04-15,3.851,
1996-04-16,3.887,
1996-04-17,3.907,
1996-04-18,3.899,
1996-04-19,3.88,
1996-04-22,3.88,
1996-04-23,3.891,
1996-04-24,3.887,
1996-04-25,3.911,
1996-04-26,3.943,
1996-04-30,3.903,
1996-05-01,3.903,
1996-05-02,3.923,
1996-05-07,3.899,
1996-05-08,3.899,
1996-05-09,3.887,
1996-05-10,3.879,
1996-05-13,3.879,
1996-05-14,3.907,
1996-05-15,3.875,
1996-05-16,3.855,
1996-05-17,3.838,
1996-05-20,3.851,
1996-05-21,3.827,
1996-05-22,3.806,
1996-05-23,3.801,
1996-05-24,3.805,
1996-05-27,3.826,
1996-05-28,3.8,
1996-05-29,3.8,
1996-05-30,3.8,
1996-05-31,3.777,
1996-06-03,3.755,
1996-06-04,3.751,
1996-06-05,3.714,
1996-06-06,3.698,
1996-06-07,3.763,
1996-06-10,3.788,
1996-06-11,3.796,
1996-06-12,3.763,
1996-06-13,3.771,
1996-06-14,3.788,
1996-06-17,3.771,
1996-06-18,3.771,
1996-06-19,3.788,
1996-06-20,3.808,
1996-06-21,3.8,
1996-06-24,3.796,
1996-06-25,3.816,
1996-06-26,3.816,
1996-06-27,3.837,
1996-06-28,3.763,
1996-07-01,3.771,
1996-07-02,3.796,
1996-07-03,3.796,
1996-07-04,3.787,
1996-07-05,3.808,
1996-07-08,3.847,
1996-07-09,3.859,
1996-07-10,3.839,
1996-07-11,3.838,
1996-07-12,3.835,
1996-07-15,3.851,
1996-07-16,3.883,
1996-07-17,3.875,
1996-07-18,3.871,
1996-07-19,3.844,
1996-07-22,3.839,
1996-07-23,3.863,
1996-07-24,3.823,
1996-07-25,3.827,
1996-07-26,3.819,
1996-07-29,3.819,
1996-07-30,3.835,
1996-07-31,3.827,
1996-08-01,3.844,
1996-08-02,3.823,
1996-08-05,3.823,
1996-08-06,3.823,
1996-08-07,3.791,
1996-08-08,3.773,
1996-08-09,3.769,
1996-08-12,3.758,
1996-08-13,3.754,
1996-08-14,3.754,
1996-08-15,3.746,
1996-08-16,3.735,
1996-08-19,3.726,
1996-08-20,3.73,
1996-08-21,3.714,
1996-08-22,3.715,
1996-08-23,3.694,
1996-08-26,3.694,
1996-08-27,3.718,
1996-08-28,3.636,
1996-08-29,3.611,
1996-08-30,3.593,
1996-09-02,3.598,
1996-09-03,3.619,
1996-09-04,3.602,
1996-09-05,3.615,
1996-09-06,3.606,
1996-09-09,3.56,
1996-09-10,3.573,
1996-09-11,3.565,
1996-09-12,3.573,
1996-09-13,3.577,
1996-09-17,3.527,
1996-09-18,3.527,
1996-09-19,3.501,
1996-09-20,3.505,
1996-09-24,3.501,
1996-09-25,3.489,
1996-09-26,3.505,
1996-09-27,3.539,
1996-09-30,3.501,
1996-10-01,3.506,
1996-10-02,3.51,
1996-10-03,3.496,
1996-10-04,3.492,
1996-10-07,3.475,
1996-10-08,3.45,
1996-10-09,3.437,
1996-10-11,3.441,
1996-10-14,3.47,
1996-10-15,3.471,
1996-10-16,3.496,
1996-10-17,3.487,
1996-10-18,3.487,
1996-10-21,3.441,
1996-10-22,3.424,
1996-10-23,3.407,
1996-10-24,3.394,
1996-10-25,3.394,
1996-10-28,3.381,
1996-10-29,3.397,
1996-10-30,3.371,
1996-10-31,3.325,
1996-11-01,3.32,
1996-11-05,3.256,
1996-11-06,3.316,
1996-11-07,3.376,
1996-11-08,3.44,
1996-11-11,3.483,
1996-11-12,3.508,
1996-11-13,3.466,
1996-11-14,3.457,
1996-11-15,3.436,
1996-11-18,3.389,
1996-11-19,3.38,
1996-11-20,3.423,
1996-11-21,3.457,
1996-11-22,3.432,
1996-11-25,3.446,
1996-11-26,3.421,
1996-11-27,3.365,
1996-11-28,3.326,
1996-11-29,3.335,
1996-12-02,3.281,
1996-12-03,3.286,
1996-12-04,3.277,
1996-12-05,3.269,
1996-12-06,3.341,
1996-12-09,3.311,
1996-12-10,3.333,
1996-12-11,3.355,
1996-12-12,3.376,
1996-12-13,3.359,
1996-12-16,3.337,
1996-12-17,3.321,
1996-12-18,3.337,
1996-12-19,3.316,
1996-12-20,3.303,
1996-12-24,3.333,
1996-12-25,3.363,
1996-12-26,3.397,
1996-12-27,3.435,
1996-12-30,3.451,
1997-01-06,3.485,
1997-01-07,3.456,
1997-01-08,3.397,
1997-01-09,3.385,
1997-01-10,3.364,
1997-01-13,3.352,
1997-01-14,3.356,
1997-01-16,3.34,
1997-01-17,3.361,
1997-01-20,3.338,
1997-01-21,3.343,
1997-01-22,3.322,
1997-01-23,3.339,
1997-01-24,3.309,
1997-01-27,3.276,
1997-01-28,3.288,
1997-01-29,3.305,
1997-01-30,3.28,
1997-01-31,3.263,
1997-02-03,3.256,
1997-02-04,3.265,
1997-02-05,3.256,
1997-02-06,3.256,
1997-02-07,3.235,
1997-02-10,3.252,
1997-02-12,3.26,
1997-02-13,3.247,
1997-02-14,3.256,
1997-02-17,3.256,
1997-02-18,3.256,
1997-02-19,3.234,
1997-02-20,3.284,
1997-02-21,3.255,
1997-02-24,3.25,
1997-02-25,3.254,
1997-02-26,3.241,
1997-02-27,3.249,
1997-02-28,3.257,
1997-03-03,3.258,
1997-03-04,3.253,
1997-03-05,3.261,
1997-03-06,3.233,
1997-03-07,3.233,
1997-03-10,3.225,
1997-03-11,3.212,
1997-03-12,3.19,
1997-03-13,3.144,
1997-03-14,3.102,
1997-03-17,3.102,
1997-03-18,3.148,
1997-03-19,3.135,
1997-03-21,3.177,
1997-03-24,3.206,
1997-03-25,3.194,
1997-03-26,3.151,
1997-03-27,3.197,
1997-03-28,3.16,
1997-03-31,3.134,
1997-04-01,3.121,
1997-04-02,3.058,
1997-04-03,3.054,
1997-04-04,3.024,
1997-04-07,2.99,
1997-04-08,2.981,
1997-04-09,2.972,
1997-04-10,2.963,
1997-04-11,2.984,
1997-04-14,3.001,
1997-04-15,2.997,
1997-04-16,2.989,
1997-04-17,3.009,
1997-04-18,2.989,
1997-04-21,2.984,
1997-04-22,2.98,
1997-04-23,2.997,
1997-04-24,2.992,
1997-04-25,3.058,
1997-04-28,3.073,
1997-04-30,3.108,
1997-05-01,3.095,
1997-05-02,3.078,
1997-05-06,3.148,
1997-05-07,3.156,
1997-05-08,3.216,
1997-05-09,3.304,
1997-05-12,3.33,
1997-05-13,3.302,
1997-05-14,3.337,
1997-05-15,3.351,
1997-05-16,3.34,
1997-05-19,3.315,
1997-05-20,3.296,
1997-05-21,3.387,
1997-05-22,3.346,
1997-05-23,3.354,
1997-05-26,3.361,
1997-05-27,3.406,
1997-05-28,3.434,
1997-05-29,3.394,
1997-05-30,3.354,
1997-06-02,3.358,
1997-06-03,3.366,
1997-06-04,3.325,
1997-06-05,3.313,
1997-06-06,3.3,
1997-06-09,3.276,
1997-06-10,3.28,
1997-06-11,3.238,
1997-06-12,3.246,
1997-06-13,3.218,
1997-06-16,3.205,
1997-06-17,3.167,
1997-06-18,3.187,
1997-06-19,3.174,
1997-06-20,3.181,
1997-06-23,3.177,
1997-06-24,3.143,
1997-06-25,3.243,
1997-06-26,3.231,
1997-06-27,3.156,
1997-06-30,3.152,
1997-07-01,3.139,
1997-07-02,3.139,
1997-07-03,3.123,
1997-07-04,3.093,
1997-07-07,3.106,
1997-07-08,3.115,
1997-07-09,3.11,
1997-07-10,3.115,
1997-07-11,3.123,
1997-07-14,3.127,
1997-07-15,3.144,
1997-07-16,3.128,
1997-07-17,3.114,
1997-07-18,3.123,
1997-07-22,3.114,
1997-07-23,3.09,
1997-07-24,3.056,
1997-07-25,3.031,
1997-07-28,3.031,
1997-07-29,3.036,
1997-07-30,2.997,
1997-07-31,2.976,
1997-08-01,2.964,
1997-08-04,2.981,
1997-08-05,2.981,
1997-08-06,3.015,
1997-08-07,2.99,
1997-08-08,2.981,
1997-08-11,2.981,
1997-08-12,2.994,
1997-08-13,2.986,
1997-08-14,2.955,
1997-08-15,2.967,
1997-08-18,2.959,
1997-08-19,2.951,
1997-08-20,2.942,
1997-08-21,2.943,
1997-08-22,2.939,
1997-08-25,2.93,
1997-08-26,2.914,
1997-08-27,2.927,
1997-08-28,2.91,
1997-08-29,2.897,
1997-09-01,2.891,
1997-09-02,2.87,
1997-09-03,2.896,
1997-09-04,2.922,
1997-09-05,2.922,
1997-09-08,2.905,
1997-09-09,2.919,
1997-09-10,2.91,
1997-09-11,2.92,
1997-09-12,2.885,
1997-09-16,2.86,
1997-09-17,2.851,
1997-09-18,2.86,
1997-09-19,2.868,
1997-09-22,2.843,
1997-09-24,2.843,
1997-09-25,2.822,
1997-09-26,2.818,
1997-09-29,2.797,
1997-09-30,2.805,
1997-10-01,2.741,
1997-10-02,2.711,
1997-10-03,2.728,
1997-10-06,2.706,
1997-10-07,2.673,
1997-10-08,2.668,
1997-10-09,2.69,
1997-10-13,2.664,
1997-10-14,2.673,
1997-10-15,2.669,
1997-10-16,2.682,
1997-10-17,2.661,
1997-10-20,2.635,
1997-10-21,2.626,
1997-10-22,2.621,
1997-10-23,2.609,
1997-10-24,2.591,
1997-10-27,2.569,
1997-10-28,2.53,
1997-10-29,2.544,
1997-10-30,2.503,
1997-10-31,2.503,
1997-11-04,2.494,
1997-11-05,2.477,
1997-11-06,2.478,
1997-11-07,2.46,
1997-11-10,2.487,
1997-11-11,2.513,
1997-11-12,2.558,
1997-11-13,2.5,
1997-11-14,2.532,
1997-11-17,2.593,
1997-11-18,2.606,
1997-11-19,2.62,
1997-11-20,2.668,
1997-11-21,2.685,
1997-11-25,2.655,
1997-11-26,2.681,
1997-11-27,2.711,
1997-11-28,2.686,
1997-12-01,2.672,
1997-12-02,2.673,
1997-12-03,2.608,
1997-12-04,2.543,
1997-12-05,2.525,
1997-12-08,2.499,
1997-12-09,2.56,
1997-12-10,2.565,
1997-12-11,2.543,
1997-12-12,2.565,
1997-12-15,2.539,
1997-12-16,2.539,
1997-12-17,2.592,
1997-12-18,2.552,
1997-12-19,2.553,
1997-12-22,2.553,
1997-12-24,2.549,
1997-12-25,2.562,
1997-12-26,2.562,
1997-12-29,2.563,
1997-12-30,2.572,
1998-01-05,2.537,
1998-01-06,2.502,
1998-01-07,2.507,
1998-01-08,2.52,
1998-01-09,2.52,
1998-01-12,2.494,
1998-01-13,2.508,
1998-01-14,2.517,
1998-01-16,2.556,
1998-01-19,2.578,
1998-01-20,2.605,
1998-01-21,2.659,
1998-01-22,2.635,
1998-01-23,2.697,
1998-01-26,2.71,
1998-01-27,2.701,
1998-01-28,2.698,
1998-01-29,2.677,
1998-01-30,2.638,
1998-02-02,2.66,
1998-02-03,2.66,
1998-02-04,2.642,
1998-02-05,2.652,
1998-02-06,2.652,
1998-02-09,2.626,
1998-02-10,2.614,
1998-02-12,2.618,
1998-02-13,2.592,
1998-02-16,2.588,
1998-02-17,2.588,
1998-02-18,2.571,
1998-02-19,2.54,
1998-02-20,2.54,
1998-02-23,2.501,
1998-02-24,2.506,
1998-02-25,2.545,
1998-02-26,2.528,
1998-02-27,2.545,
1998-03-02,2.558,
1998-03-03,2.558,
1998-03-04,2.55,
1998-03-05,2.524,
1998-03-06,2.541,
1998-03-09,2.515,
1998-03-10,2.498,
1998-03-11,2.455,
1998-03-12,2.446,
1998-03-13,2.459,
1998-03-16,2.42,
1998-03-17,2.415,
1998-03-18,2.403,
1998-03-19,2.412,
1998-03-20,2.429,
1998-03-23,2.399,
1998-03-24,2.417,
1998-03-25,2.422,
1998-03-26,2.47,
1998-03-27,2.521,
1998-03-30,2.516,
1998-03-31,2.508,
1998-04-01,2.5,
1998-04-02,2.513,
1998-04-03,2.577,
1998-04-06,2.572,
1998-04-07,2.568,
1998-04-08,2.582,
1998-04-09,2.594,
1998-04-10,2.544,
1998-04-13,2.527,
1998-04-14,2.51,
1998-04-15,2.48,
1998-04-16,2.472,
1998-04-17,2.451,
1998-04-20,2.429,
1998-04-21,2.438,
1998-04-22,2.447,
1998-04-23,2.452,
1998-04-24,2.461,
1998-04-27,2.439,
1998-04-28,2.41,
1998-04-30,2.401,
1998-05-01,2.376,
1998-05-06,2.324,
1998-05-07,2.294,
1998-05-08,2.277,
1998-05-11,2.29,
1998-05-12,2.258,
1998-05-13,2.263,
1998-05-14,2.267,
1998-05-15,2.237,
1998-05-18,2.215,
1998-05-19,2.216,
1998-05-20,2.216,
1998-05-21,2.225,
1998-05-22,2.194,
1998-05-25,2.163,
1998-05-26,2.177,
1998-05-27,2.186,
1998-05-28,2.169,
1998-05-29,2.151,
1998-06-01,2.106,
1998-06-02,2.064,
1998-06-03,2.055,
1998-06-04,2.051,
1998-06-05,2.064,
1998-06-08,2.043,
1998-06-09,2.084,
1998-06-10,2.075,
1998-06-11,2.111,
1998-06-12,2.079,
1998-06-15,2.057,
1998-06-16,2.072,
1998-06-17,2.094,
1998-06-18,2.147,
1998-06-19,2.156,
1998-06-22,2.173,
1998-06-23,2.164,
1998-06-24,2.112,
1998-06-25,2.108,
1998-06-26,2.121,
1998-06-29,2.148,
1998-06-30,2.215,
1998-07-01,2.298,
1998-07-02,2.211,
1998-07-03,2.242,
1998-07-06,2.216,
1998-07-07,2.22,
1998-07-08,2.273,
1998-07-09,2.259,
1998-07-10,2.272,
1998-07-13,2.306,
1998-07-14,2.353,
1998-07-15,2.324,
1998-07-16,2.365,
1998-07-17,2.353,
1998-07-21,2.361,
1998-07-22,2.345,
1998-07-23,2.294,
1998-07-24,2.307,
1998-07-27,2.251,
1998-07-28,2.247,
1998-07-29,2.221,
1998-07-30,2.187,
1998-07-31,2.192,
1998-08-03,2.183,
1998-08-04,2.162,
1998-08-05,2.161,
1998-08-06,2.157,
1998-08-07,2.136,
1998-08-10,2.113,
1998-08-11,2.122,
1998-08-12,2.114,
1998-08-13,2.123,
1998-08-14,2.106,
1998-08-17,2.088,
1998-08-18,2.084,
1998-08-19,2.116,
1998-08-20,2.112,
1998-08-21,2.099,
1998-08-24,2.064,
1998-08-25,2.059,
1998-08-26,2.028,
1998-08-27,2.033,
1998-08-28,1.985,
1998-08-31,1.954,
1998-09-01,1.947,
1998-09-02,1.947,
1998-09-03,1.97,
1998-09-04,1.957,
1998-09-07,1.934,
1998-09-08,1.926,
1998-09-09,1.903,
1998-09-10,1.702,
1998-09-11,1.603,
1998-09-14,1.58,
1998-09-16,1.561,
1998-09-17,1.447,
1998-09-18,1.418,
1998-09-21,1.49,
1998-09-22,1.528,
1998-09-24,1.524,
1998-09-25,1.447,
1998-09-28,1.423,
1998-09-29,1.432,
1998-09-30,1.346,
1998-10-01,1.272,
1998-10-02,1.252,
1998-10-05,1.272,
1998-10-06,1.267,
1998-10-07,1.321,
1998-10-08,1.375,
1998-10-09,1.399,
1998-10-12,1.528,
1998-10-13,1.423,
1998-10-14,1.446,
1998-10-15,1.446,
1998-10-16,1.465,
1998-10-19,1.432,
1998-10-20,1.423,
1998-10-21,1.456,
1998-10-22,1.446,
1998-10-23,1.47,
1998-10-26,1.503,
1998-10-27,1.542,
1998-10-28,1.524,
1998-10-29,1.542,
1998-10-30,1.481,
1998-11-02,1.49,
1998-11-04,1.524,
1998-11-05,1.5,
1998-11-06,1.472,
1998-11-09,1.472,
1998-11-10,1.443,
1998-11-11,1.491,
1998-11-12,1.463,
1998-11-13,1.461,
1998-11-16,1.503,
1998-11-17,1.522,
1998-11-18,1.508,
1998-11-19,1.541,
1998-11-20,1.616,
1998-11-24,1.662,
1998-11-25,1.693,
1998-11-26,1.774,
1998-11-27,1.815,
1998-11-30,1.819,
1998-12-01,1.867,
1998-12-02,1.922,
1998-12-03,1.864,
1998-12-04,1.825,
1998-12-07,1.833,
1998-12-08,1.822,
1998-12-09,1.913,
1998-12-10,1.987,
1998-12-11,1.99,
1998-12-14,2.085,
1998-12-15,2.078,
1998-12-16,2.123,
1998-12-17,2.123,
1998-12-18,2.081,
1998-12-21,2.218,
1998-12-22,2.459,
1998-12-24,2.545,
1998-12-25,2.459,
1998-12-28,2.437,
1998-12-29,2.565,
1998-12-30,2.699,
1999-01-04,2.684,
1999-01-05,2.643,
1999-01-06,2.569,
1999-01-07,2.41,
1999-01-08,2.515,
1999-01-11,2.485,
1999-01-12,2.496,
1999-01-13,2.483,
1999-01-14,2.447,
1999-01-18,2.517,
1999-01-19,2.692,
1999-01-20,2.675,
1999-01-21,2.683,
1999-01-22,2.623,
1999-01-25,2.627,
1999-01-26,2.595,
1999-01-27,2.652,
1999-01-28,2.683,
1999-01-29,2.777,
1999-02-01,2.823,
1999-02-02,3.026,
1999-02-03,3.102,
1999-02-04,3.005,
1999-02-05,3.171,
1999-02-08,3.021,
1999-02-09,2.893,
1999-02-10,2.903,
1999-02-12,2.961,
1999-02-15,3.021,
1999-02-16,2.95,
1999-02-17,2.909,
1999-02-18,2.868,
1999-02-19,2.753,
1999-02-22,2.708,
1999-02-23,2.818,
1999-02-24,2.838,
1999-02-25,2.86,
1999-02-26,2.831,
1999-03-01,2.795,
1999-03-02,2.76,
1999-03-03,2.624,
1999-03-04,2.577,
1999-03-05,2.548,
1999-03-08,2.601,
1999-03-09,2.676,
1999-03-10,2.657,
1999-03-11,2.727,
1999-03-12,2.694,
1999-03-15,2.735,
1999-03-16,2.738,
1999-03-17,2.642,
1999-03-18,2.606,
1999-03-19,2.596,
1999-03-23,2.612,
1999-03-24,2.663,
1999-03-25,2.591,
1999-03-26,2.538,
1999-03-29,2.556,
1999-03-30,2.504,
1999-03-31,2.531,
1999-04-01,2.505,
1999-04-02,2.502,
1999-04-05,2.508,
1999-04-06,2.558,
1999-04-07,2.483,
1999-04-08,2.412,
1999-04-09,2.41,
1999-04-12,2.365,
1999-04-13,2.393,
1999-04-14,2.427,
1999-04-15,2.369,
1999-04-16,2.399,
1999-04-19,2.383,
1999-04-20,2.343,
1999-04-21,2.325,
1999-04-22,2.302,
1999-04-23,2.34,
1999-04-26,2.317,
1999-04-27,2.248,
1999-04-28,2.281,
1999-04-30,2.229,
1999-05-06,2.129,
1999-05-07,2.099,
1999-05-10,2.112,
1999-05-11,2.119,
1999-05-12,2.106,
1999-05-13,2.067,
1999-05-14,2.012,
1999-05-17,2.024,
1999-05-18,2.078,
1999-05-19,2.143,
1999-05-20,2.124,
1999-05-21,2.156,
1999-05-24,2.185,
1999-05-25,2.157,
1999-05-26,2.218,
1999-05-27,2.315,
1999-05-28,2.336,
1999-05-31,2.337,
1999-06-01,2.46,
1999-06-02,2.548,
1999-06-03,2.484,
1999-06-04,2.521,
1999-06-07,2.542,
1999-06-08,2.488,
1999-06-09,2.514,
1999-06-10,2.54,
1999-06-11,2.676,
1999-06-14,2.577,
1999-06-15,2.548,
1999-06-16,2.605,
1999-06-17,2.721,
1999-06-18,2.723,
1999-06-21,2.727,
1999-06-22,2.69,
1999-06-23,2.733,
1999-06-24,2.658,
1999-06-25,2.698,
1999-06-28,2.705,
1999-06-29,2.759,
1999-06-30,2.808,
1999-07-01,2.699,
1999-07-02,2.598,
1999-07-05,2.574,
1999-07-06,2.665,
1999-07-07,2.645,
1999-07-08,2.645,
1999-07-09,2.655,
1999-07-12,2.629,
1999-07-13,2.6,
1999-07-14,2.643,
1999-07-15,2.664,
1999-07-16,2.719,
1999-07-19,2.735,
1999-07-21,2.705,
1999-07-22,2.656,
1999-07-23,2.621,
1999-07-26,2.635,
1999-07-27,2.603,
1999-07-28,2.639,
1999-07-29,2.718,
1999-07-30,2.683,
1999-08-02,2.721,
1999-08-03,2.735,
1999-08-04,2.735,
1999-08-05,2.669,
1999-08-06,2.655,
1999-08-09,2.681,
1999-08-10,2.713,
1999-08-11,2.676,
1999-08-12,2.65,
1999-08-13,2.657,
1999-08-16,2.709,
1999-08-17,2.714,
1999-08-18,2.727,
1999-08-19,2.714,
1999-08-20,2.688,
1999-08-23,2.724,
1999-08-24,2.761,
1999-08-25,2.769,
1999-08-26,2.718,
1999-08-27,2.719,
1999-08-30,2.746,
1999-08-31,2.684,
1999-09-01,2.66,
1999-09-02,2.664,
1999-09-03,2.649,
1999-09-06,2.623,
1999-09-07,2.644,
1999-09-08,2.64,
1999-09-09,2.653,
1999-09-10,2.631,
1999-09-13,2.605,
1999-09-14,2.57,
1999-09-16,2.567,
1999-09-17,2.585,
1999-09-20,2.547,
1999-09-21,2.564,
1999-09-22,2.594,
1999-09-24,2.51,
1999-09-27,2.48,
1999-09-28,2.488,
1999-09-29,2.454,
1999-09-30,2.49,
1999-10-01,2.478,
1999-10-04,2.437,
1999-10-05,2.447,
1999-10-06,2.506,
1999-10-07,2.538,
1999-10-08,2.564,
1999-10-12,2.591,
1999-10-13,2.546,
1999-10-14,2.563,
1999-10-15,2.573,
1999-10-18,2.53,
1999-10-19,2.527,
1999-10-20,2.581,
1999-10-21,2.609,
1999-10-22,2.622,
1999-10-25,2.616,
1999-10-26,2.604,
1999-10-27,2.566,
1999-10-28,2.588,
1999-10-29,2.537,
1999-11-01,2.537,
1999-11-02,2.497,
1999-11-04,2.511,
1999-11-05,2.501,
1999-11-08,2.492,
1999-11-09,2.518,
1999-11-10,2.542,
1999-11-11,2.529,
1999-11-12,2.505,
1999-11-15,2.489,
1999-11-16,2.513,
1999-11-17,2.572,
1999-11-18,2.614,
1999-11-19,2.59,
1999-11-22,2.608,
1999-11-24,2.616,
1999-11-25,2.584,
1999-11-26,2.595,
1999-11-29,2.558,
1999-11-30,2.538,
1999-12-01,2.528,
1999-12-02,2.54,
1999-12-03,2.513,
1999-12-06,2.499,
1999-12-07,2.515,
1999-12-08,2.488,
1999-12-09,2.478,
1999-12-10,2.502,
1999-12-13,2.486,
1999-12-14,2.503,
1999-12-15,2.485,
1999-12-16,2.501,
1999-12-17,2.49,
1999-12-20,2.449,
1999-12-21,2.431,
1999-12-22,2.411,
1999-12-24,2.429,
1999-12-27,2.412,
1999-12-28,2.372,
1999-12-29,2.363,
1999-12-30,2.356,
2000-01-04,2.4,
2000-01-05,2.378,
2000-01-06,2.362,
2000-01-07,2.384,
2000-01-11,2.372,
2000-01-12,2.372,
2000-01-13,2.367,
2000-01-14,2.36,
2000-01-17,2.374,
2000-01-18,2.373,
2000-01-19,2.379,
2000-01-20,2.389,
2000-01-21,2.346,
2000-01-24,2.267,
2000-01-25,2.248,
2000-01-26,2.263,
2000-01-27,2.267,
2000-01-28,2.248,
2000-01-31,2.285,
2000-02-01,2.314,
2000-02-02,2.387,
2000-02-03,2.394,
2000-02-04,2.373,
2000-02-07,2.413,
2000-02-08,2.459,
2000-02-09,2.44,
2000-02-10,2.417,
2000-02-14,2.389,
2000-02-15,2.353,
2000-02-16,2.336,
2000-02-17,2.357,
2000-02-18,2.332,
2000-02-21,2.321,
2000-02-22,2.366,
2000-02-23,2.356,
2000-02-24,2.375,
2000-02-25,2.39,
2000-02-28,2.362,
2000-02-29,2.375,
2000-03-01,2.344,
2000-03-02,2.285,
2000-03-03,2.264,
2000-03-06,2.243,
2000-03-07,2.247,
2000-03-08,2.215,
2000-03-09,2.238,
2000-03-10,2.266,
2000-03-13,2.263,
2000-03-14,2.263,
2000-03-15,2.271,
2000-03-16,2.288,
2000-03-17,2.285,
2000-03-21,2.31,
2000-03-22,2.29,
2000-03-23,2.287,
2000-03-24,2.308,
2000-03-27,2.333,
2000-03-28,2.325,
2000-03-29,2.301,
2000-03-30,2.236,
2000-03-31,2.199,
2000-04-03,2.219,
2000-04-04,2.204,
2000-04-05,2.183,
2000-04-06,2.147,
2000-04-07,2.12,
2000-04-10,2.097,
2000-04-11,2.094,
2000-04-12,2.143,
2000-04-13,2.166,
2000-04-14,2.139,
2000-04-17,2.054,
2000-04-18,2.063,
2000-04-19,2.054,
2000-04-20,2.086,
2000-04-21,2.11,
2000-04-24,2.107,
2000-04-25,2.104,
2000-04-26,2.092,
2000-04-27,2.102,
2000-04-28,2.15,
2000-05-01,2.148,
2000-05-02,2.159,
2000-05-08,2.164,
2000-05-09,2.135,
2000-05-10,2.137,
2000-05-11,2.105,
2000-05-12,2.12,
2000-05-15,2.124,
2000-05-16,2.163,
2000-05-17,2.199,
2000-05-18,2.184,
2000-05-19,2.198,
2000-05-22,2.171,
2000-05-23,2.191,
2000-05-24,2.152,
2000-05-25,2.141,
2000-05-26,2.108,
2000-05-29,2.095,
2000-05-30,2.092,
2000-05-31,2.065,
2000-06-01,2.059,
2000-06-02,2.073,
2000-06-05,2.13,
2000-06-06,2.16,
2000-06-07,2.139,
2000-06-08,2.125,
2000-06-09,2.094,
2000-06-12,2.096,
2000-06-13,2.072,
2000-06-14,2.079,
2000-06-15,2.064,
2000-06-16,2.043,
2000-06-19,2.051,
2000-06-20,2.072,
2000-06-21,2.11,
2000-06-22,2.113,
2000-06-23,2.089,
2000-06-26,2.093,
2000-06-27,2.11,
2000-06-28,2.101,
2000-06-29,2.108,
2000-06-30,2.116,
2000-07-03,2.142,
2000-07-04,2.129,
2000-07-05,2.147,
2000-07-06,2.131,
2000-07-07,2.164,
2000-07-10,2.199,
2000-07-11,2.203,
2000-07-12,2.209,
2000-07-13,2.16,
2000-07-14,2.165,
2000-07-17,2.158,
2000-07-18,2.145,
2000-07-19,2.163,
2000-07-21,2.166,
2000-07-24,2.179,
2000-07-25,2.214,
2000-07-26,2.213,
2000-07-27,2.189,
2000-07-28,2.171,
2000-07-31,2.169,
2000-08-01,2.161,
2000-08-02,2.147,
2000-08-03,2.136,
2000-08-04,2.132,
2000-08-07,2.141,
2000-08-08,2.149,
2000-08-09,2.167,
2000-08-10,2.18,
2000-08-11,2.158,
2000-08-14,2.161,
2000-08-15,2.193,
2000-08-16,2.216,
2000-08-17,2.221,
2000-08-18,2.249,
2000-08-21,2.268,
2000-08-22,2.286,
2000-08-23,2.317,
2000-08-24,2.304,
2000-08-25,2.329,
2000-08-28,2.335,
2000-08-29,2.344,
2000-08-30,2.329,
2000-08-31,2.328,
2000-09-01,2.388,
2000-09-04,2.377,
2000-09-05,2.399,
2000-09-06,2.41,
2000-09-07,2.383,
2000-09-08,2.321,
2000-09-11,2.313,
2000-09-12,2.328,
2000-09-13,2.355,
2000-09-14,2.383,
2000-09-18,2.387,
2000-09-19,2.384,
2000-09-20,2.399,
2000-09-21,2.419,
2000-09-22,2.391,
2000-09-25,2.407,
2000-09-26,2.458,
2000-09-27,2.451,
2000-09-28,2.45,
2000-09-29,2.43,
2000-10-02,2.426,
2000-10-03,2.424,
2000-10-04,2.411,
2000-10-05,2.394,
2000-10-06,2.421,
2000-10-10,2.457,
2000-10-11,2.462,
2000-10-12,2.492,
2000-10-13,2.531,
2000-10-16,2.589,
2000-10-17,2.544,
2000-10-18,2.486,
2000-10-19,2.512,
2000-10-20,2.531,
2000-10-23,2.544,
2000-10-24,2.548,
2000-10-25,2.526,
2000-10-26,2.505,
2000-10-27,2.501,
2000-10-30,2.483,
2000-10-31,2.463,
2000-11-01,2.49,
2000-11-02,2.486,
2000-11-06,2.497,
2000-11-07,2.502,
2000-11-08,2.492,
2000-11-09,2.459,
2000-11-10,2.464,
2000-11-13,2.441,
2000-11-14,2.443,
2000-11-15,2.429,
2000-11-16,2.397,
2000-11-17,2.383,
2000-11-20,2.352,
2000-11-21,2.315,
2000-11-22,2.298,
2000-11-24,2.225,
2000-11-27,2.219,
2000-11-28,2.23,
2000-11-29,2.203,
2000-11-30,2.153,
2000-12-01,2.16,
2000-12-04,2.183,
2000-12-05,2.177,
2000-12-06,2.234,
2000-12-07,2.203,
2000-12-08,2.22,
2000-12-11,2.247,
2000-12-12,2.246,
2000-12-13,2.265,
2000-12-14,2.225,
2000-12-15,2.207,
2000-12-18,2.244,
2000-12-19,2.228,
2000-12-20,2.201,
2000-12-21,2.167,
2000-12-22,2.189,
2000-12-25,2.202,
2000-12-26,2.192,
2000-12-27,2.176,
2000-12-28,2.222,
2000-12-29,2.217,
2001-01-04,2.205,
2001-01-05,2.196,
2001-01-09,2.157,
2001-01-10,2.171,
2001-01-11,2.126,
2001-01-12,2.074,
2001-01-15,2.077,
2001-01-16,2.113,
2001-01-17,2.126,
2001-01-18,2.075,
2001-01-19,2.06,
2001-01-22,2.002,
2001-01-23,2.002,
2001-01-24,2.002,
2001-01-25,1.974,
2001-01-26,1.95,
2001-01-29,1.951,
2001-01-30,1.972,
2001-01-31,1.948,
2001-02-01,1.955,
2001-02-02,2.017,
2001-02-05,1.984,
2001-02-06,1.998,
2001-02-07,1.967,
2001-02-08,1.975,
2001-02-09,1.965,
2001-02-13,1.917,
2001-02-14,1.922,
2001-02-15,1.914,
2001-02-16,1.912,
2001-02-19,1.883,
2001-02-20,1.894,
2001-02-21,1.859,
2001-02-22,1.91,
2001-02-23,1.897,
2001-02-26,1.879,
2001-02-27,1.85,
2001-02-28,1.82,
2001-03-01,1.647,
2001-03-02,1.662,
2001-03-05,1.672,
2001-03-06,1.63,
2001-03-07,1.566,
2001-03-08,1.607,
2001-03-09,1.655,
2001-03-12,1.646,
2001-03-13,1.656,
2001-03-14,1.643,
2001-03-15,1.642,
2001-03-16,1.642,
2001-03-19,1.638,
2001-03-21,1.513,
2001-03-22,1.533,
2001-03-23,1.601,
2001-03-26,1.62,
2001-03-27,1.699,
2001-03-28,1.828,
2001-03-29,1.837,
2001-03-30,1.775,
2001-04-02,1.862,
2001-04-03,1.83,
2001-04-04,1.812,
2001-04-05,1.812,
2001-04-06,1.78,
2001-04-09,1.783,
2001-04-10,1.819,
2001-04-11,1.826,
2001-04-12,1.941,
2001-04-13,1.948,
2001-04-16,1.971,
2001-04-17,2.003,
2001-04-18,2.06,
2001-04-19,2.114,
2001-04-20,2.086,
2001-04-23,2.023,
2001-04-24,1.964,
2001-04-25,1.967,
2001-04-26,1.953,
2001-04-27,1.945,
2001-05-01,1.966,
2001-05-02,2.002,
2001-05-07,1.997,
2001-05-08,1.976,
2001-05-09,1.939,
2001-05-10,1.94,
2001-05-11,1.932,
2001-05-14,1.912,
2001-05-15,1.919,
2001-05-16,1.903,
2001-05-17,1.899,
2001-05-18,1.909,
2001-05-21,1.946,
2001-05-22,1.954,
2001-05-23,1.948,
2001-05-24,1.939,
2001-05-25,1.93,
2001-05-28,1.906,
2001-05-29,1.904,
2001-05-30,1.919,
2001-05-31,1.887,
2001-06-01,1.901,
2001-06-04,1.911,
2001-06-05,1.911,
2001-06-06,1.946,
2001-06-07,1.928,
2001-06-08,1.928,
2001-06-11,1.904,
2001-06-12,1.878,
2001-06-13,1.855,
2001-06-14,1.838,
2001-06-15,1.87,
2001-06-18,1.874,
2001-06-19,1.875,
2001-06-20,1.891,
2001-06-21,1.874,
2001-06-22,1.862,
2001-06-25,1.824,
2001-06-26,1.813,
2001-06-27,1.805,
2001-06-28,1.796,
2001-06-29,1.849,
2001-07-02,1.922,
2001-07-03,1.938,
2001-07-04,1.935,
2001-07-05,1.934,
2001-07-06,1.959,
2001-07-09,2.054,
2001-07-10,2.07,
2001-07-11,2.011,
2001-07-12,1.968,
2001-07-13,1.996,
2001-07-16,2.045,
2001-07-17,2.078,
2001-07-18,2.082,
2001-07-19,2.104,
2001-07-23,2.103,
2001-07-24,2.121,
2001-07-25,2.09,
2001-07-26,2.039,
2001-07-27,2.007,
2001-07-30,2.024,
2001-07-31,2.03,
2001-08-01,2.036,
2001-08-02,2.047,
2001-08-03,2.073,
2001-08-06,2.098,
2001-08-07,2.121,
2001-08-08,2.048,
2001-08-09,2.03,
2001-08-10,2.005,
2001-08-13,2.001,
2001-08-14,2.004,
2001-08-15,2.02,
2001-08-16,2.025,
2001-08-17,2.044,
2001-08-20,2.06,
2001-08-21,2.061,
2001-08-22,2.023,
2001-08-23,2.04,
2001-08-24,2.029,
2001-08-27,2.043,
2001-08-28,2.009,
2001-08-29,2.005,
2001-08-30,1.998,
2001-08-31,2.011,
2001-09-03,2.035,
2001-09-04,2.023,
2001-09-05,2.012,
2001-09-06,2.042,
2001-09-07,2.043,
2001-09-10,2.045,
2001-09-11,2.043,
2001-09-12,2.06,
2001-09-13,2.076,
2001-09-14,2.052,
2001-09-17,1.995,
2001-09-18,2.002,
2001-09-19,2.036,
2001-09-20,2.054,
2001-09-21,2.023,
2001-09-25,2.032,
2001-09-26,2.055,
2001-09-27,2.04,
2001-09-28,2.051,
2001-10-01,2.044,
2001-10-02,2.042,
2001-10-03,2.061,
2001-10-04,2.056,
2001-10-05,2.054,
2001-10-09,2.067,
2001-10-10,2.054,
2001-10-11,2.033,
2001-10-12,2.059,
2001-10-15,2.059,
2001-10-16,2.034,
2001-10-17,2.05,
2001-10-18,2.04,
2001-10-19,2.042,
2001-10-22,2.037,
2001-10-23,2.011,
2001-10-24,2.003,
2001-10-25,2.007,
2001-10-26,2.015,
2001-10-29,2.018,
2001-10-30,2.025,
2001-10-31,2.005,
2001-11-01,1.995,
2001-11-02,1.973,
2001-11-05,1.958,
2001-11-06,1.959,
2001-11-07,1.948,
2001-11-08,1.994,
2001-11-09,2.013,
2001-11-12,2.006,
2001-11-13,2.011,
2001-11-14,2.019,
2001-11-15,2.022,
2001-11-16,2.023,
2001-11-19,2.007,
2001-11-20,2.015,
2001-11-21,2.007,
2001-11-22,2.011,
2001-11-26,2.042,
2001-11-27,2.071,
2001-11-28,2.039,
2001-11-29,2.055,
2001-11-30,2.031,
2001-12-03,2.067,
2001-12-04,2.076,
2001-12-05,2.082,
2001-12-06,2.085,
2001-12-07,2.051,
2001-12-10,2.042,
2001-12-11,2.05,
2001-12-12,2.048,
2001-12-13,2.035,
2001-12-14,2.036,
2001-12-17,2.02,
2001-12-18,2.01,
2001-12-19,2.013,
2001-12-20,2.001,
2001-12-21,1.999,
2001-12-25,2.004,
2001-12-26,2.012,
2001-12-27,2.028,
2001-12-28,2.03,
2002-01-04,2.056,
2002-01-07,2.045,
2002-01-08,2.053,
2002-01-09,2.048,
2002-01-10,2.053,
2002-01-11,2.058,
2002-01-15,2.067,
2002-01-16,2.061,
2002-01-17,2.076,
2002-01-18,2.078,
2002-01-21,2.087,
2002-01-22,2.086,
2002-01-23,2.09,
2002-01-24,2.111,
2002-01-25,2.118,
2002-01-28,2.103,
2002-01-29,2.13,
2002-01-30,2.155,
2002-01-31,2.167,
2002-02-01,2.2,
2002-02-04,2.208,
2002-02-05,2.232,
2002-02-06,2.23,
2002-02-07,2.232,
2002-02-08,2.185,
2002-02-12,2.163,
2002-02-13,2.197,
2002-02-14,2.187,
2002-02-15,2.141,
2002-02-18,2.131,
2002-02-19,2.157,
2002-02-20,2.164,
2002-02-21,2.144,
2002-02-22,2.154,
2002-02-25,2.153,
2002-02-26,2.166,
2002-02-27,2.159,
2002-02-28,2.136,
2002-03-01,2.125,
2002-03-04,2.103,
2002-03-05,2.082,
2002-03-06,2.064,
2002-03-07,2.044,
2002-03-08,2.043,
2002-03-11,2.072,
2002-03-12,2.048,
2002-03-13,2.027,
2002-03-14,2.015,
2002-03-15,2.046,
2002-03-18,2.042,
2002-03-19,2.049,
2002-03-20,2.065,
2002-03-22,2.078,
2002-03-25,2.1,
2002-03-26,2.066,
2002-03-27,2.042,
2002-03-28,2.036,
2002-03-29,2.052,
2002-04-01,2.057,
2002-04-02,2.048,
2002-04-03,2.051,
2002-04-04,2.042,
2002-04-05,2.039,
2002-04-08,2.028,
2002-04-09,2.063,
2002-04-10,2.046,
2002-04-11,2.021,
2002-04-12,2.025,
2002-04-15,2.002,
2002-04-16,2.013,
2002-04-17,2.03,
2002-04-18,2.048,
2002-04-19,2.038,
2002-04-22,2.047,
2002-04-23,2.06,
2002-04-24,2.073,
2002-04-25,2.083,
2002-04-26,2.069,
2002-04-30,2.033,
2002-05-01,2.031,
2002-05-02,2.039,
2002-05-07,2.027,
2002-05-08,2.036,
2002-05-09,2.025,
2002-05-10,2.013,
2002-05-13,2.022,
2002-05-14,2.013,
2002-05-15,1.99,
2002-05-16,1.994,
2002-05-17,2.002,
2002-05-20,2.023,
2002-05-21,2.029,
2002-05-22,2.023,
2002-05-23,2.045,
2002-05-24,2.031,
2002-05-27,2.026,
2002-05-28,2.007,
2002-05-29,2.022,
2002-05-30,2.015,
2002-05-31,2.012,
2002-06-03,2.009,
2002-06-04,2.034,
2002-06-05,2.035,
2002-06-06,2.017,
2002-06-07,2.005,
2002-06-10,2.006,
2002-06-11,2.01,
2002-06-12,2.019,
2002-06-13,2.026,
2002-06-14,2.013,
2002-06-17,2.014,
2002-06-18,2.01,
2002-06-19,2.017,
2002-06-20,2.008,
2002-06-21,1.975,
2002-06-24,1.963,
2002-06-25,1.957,
2002-06-26,1.952,
2002-06-27,1.97,
2002-06-28,1.951,
2002-07-01,1.974,
2002-07-02,1.961,
2002-07-03,1.962,
2002-07-04,1.952,
2002-07-05,1.948,
2002-07-08,1.952,
2002-07-09,1.949,
2002-07-10,1.919,
2002-07-11,1.909,
2002-07-12,1.918,
2002-07-15,1.91,
2002-07-16,1.902,
2002-07-17,1.896,
2002-07-18,1.884,
2002-07-19,1.876,
2002-07-22,1.876,
2002-07-23,1.917,
2002-07-24,1.937,
2002-07-25,1.95,
2002-07-26,1.958,
2002-07-29,1.98,
2002-07-30,1.99,
2002-07-31,1.971,
2002-08-01,1.973,
2002-08-02,1.957,
2002-08-05,1.937,
2002-08-06,1.953,
2002-08-07,1.929,
2002-08-08,1.928,
2002-08-09,1.913,
2002-08-12,1.911,
2002-08-13,1.942,
2002-08-14,1.942,
2002-08-15,1.958,
2002-08-16,1.976,
2002-08-19,1.953,
2002-08-20,1.943,
2002-08-21,1.925,
2002-08-22,1.929,
2002-08-23,1.921,
2002-08-26,1.908,
2002-08-27,1.874,
2002-08-28,1.888,
2002-08-29,1.843,
2002-08-30,1.831,
2002-09-02,1.82,
2002-09-03,1.83,
2002-09-04,1.839,
2002-09-05,1.827,
2002-09-06,1.764,
2002-09-09,1.765,
2002-09-10,1.707,
2002-09-11,1.661,
2002-09-12,1.647,
2002-09-13,1.657,
2002-09-17,1.693,
2002-09-18,1.843,
2002-09-19,1.793,
2002-09-20,1.898,
2002-09-24,1.908,
2002-09-25,1.867,
2002-09-26,1.888,
2002-09-27,1.882,
2002-09-30,1.85,
2002-10-01,1.817,
2002-10-02,1.825,
2002-10-03,1.841,
2002-10-04,1.87,
2002-10-07,1.887,
2002-10-08,1.857,
2002-10-09,1.842,
2002-10-10,1.865,
2002-10-11,1.829,
2002-10-15,1.799,
2002-10-16,1.786,
2002-10-17,1.773,
2002-10-18,1.789,
2002-10-21,1.766,
2002-10-22,1.766,
2002-10-23,1.735,
2002-10-24,1.738,
2002-10-25,1.743,
2002-10-28,1.728,
2002-10-29,1.713,
2002-10-30,1.695,
2002-10-31,1.645,
2002-11-01,1.638,
2002-11-05,1.62,
2002-11-06,1.622,
2002-11-07,1.63,
2002-11-08,1.631,
2002-11-11,1.6,
2002-11-12,1.594,
2002-11-13,1.583,
2002-11-14,1.627,
2002-11-15,1.635,
2002-11-18,1.645,
2002-11-19,1.619,
2002-11-20,1.628,
2002-11-21,1.655,
2002-11-22,1.637,
2002-11-25,1.61,
2002-11-26,1.597,
2002-11-27,1.606,
2002-11-28,1.626,
2002-11-29,1.645,
2002-12-02,1.669,
2002-12-03,1.69,
2002-12-04,1.668,
2002-12-05,1.668,
2002-12-06,1.681,
2002-12-09,1.677,
2002-12-10,1.686,
2002-12-11,1.676,
2002-12-12,1.646,
2002-12-13,1.632,
2002-12-16,1.61,
2002-12-17,1.614,
2002-12-18,1.61,
2002-12-19,1.598,
2002-12-20,1.585,
2002-12-24,1.577,
2002-12-25,1.555,
2002-12-26,1.563,
2002-12-27,1.543,
2002-12-30,1.536,
2003-01-06,1.529,
2003-01-07,1.514,
2003-01-08,1.476,
2003-01-09,1.408,
2003-01-10,1.428,
2003-01-14,1.397,
2003-01-15,1.371,
2003-01-16,1.349,
2003-01-17,1.331,
2003-01-20,1.318,
2003-01-21,1.326,
2003-01-22,1.323,
2003-01-23,1.337,
2003-01-24,1.359,
2003-01-27,1.337,
2003-01-28,1.309,
2003-01-29,1.291,
2003-01-30,1.274,
2003-01-31,1.324,
2003-02-03,1.329,
2003-02-04,1.381,
2003-02-05,1.4,
2003-02-06,1.42,
2003-02-07,1.415,
2003-02-10,1.382,
2003-02-12,1.405,
2003-02-13,1.405,
2003-02-14,1.408,
2003-02-17,1.437,
2003-02-18,1.436,
2003-02-19,1.433,
2003-02-20,1.443,
2003-02-21,1.41,
2003-02-24,1.368,
2003-02-25,1.321,
2003-02-26,1.331,
2003-02-27,1.32,
2003-02-28,1.308,
2003-03-03,1.31,
2003-03-04,1.273,
2003-03-05,1.269,
2003-03-06,1.239,
2003-03-07,1.224,
2003-03-10,1.226,
2003-03-11,1.188,
2003-03-12,1.178,
2003-03-13,1.219,
2003-03-14,1.238,
2003-03-17,1.229,
2003-03-18,1.212,
2003-03-19,1.187,
2003-03-20,1.215,
2003-03-24,1.221,
2003-03-25,1.195,
2003-03-26,1.188,
2003-03-27,1.2,
2003-03-28,1.21,
2003-03-31,1.162,
2003-04-01,1.139,
2003-04-02,1.13,
2003-04-03,1.093,
2003-04-04,1.117,
2003-04-07,1.15,
2003-04-08,1.155,
2003-04-09,1.097,
2003-04-10,1.088,
2003-04-11,1.087,
2003-04-14,1.052,
2003-04-15,1.056,
2003-04-16,1.044,
2003-04-17,1.016,
2003-04-18,0.983,
2003-04-21,0.973,
2003-04-22,0.982,
2003-04-23,0.991,
2003-04-24,0.977,
2003-04-25,0.96,
2003-04-28,0.937,
2003-04-30,0.929,
2003-05-01,0.933,
2003-05-02,0.938,
2003-05-06,0.948,
2003-05-07,0.934,
2003-05-08,0.93,
2003-05-09,0.906,
2003-05-12,0.884,
2003-05-13,0.881,
2003-05-14,0.892,
2003-05-15,0.906,
2003-05-16,0.897,
2003-05-19,0.944,
2003-05-20,0.934,
2003-05-21,0.91,
2003-05-22,0.92,
2003-05-23,0.943,
2003-05-26,0.921,
2003-05-27,0.893,
2003-05-28,0.891,
2003-05-29,0.907,
2003-05-30,0.913,
2003-06-02,0.927,
2003-06-03,0.906,
2003-06-04,0.899,
2003-06-05,0.905,
2003-06-06,0.886,
2003-06-09,0.863,
2003-06-10,0.823,
2003-06-11,0.791,
2003-06-12,0.785,
2003-06-13,0.801,
2003-06-16,0.804,
2003-06-17,0.8,
2003-06-18,0.848,
2003-06-19,1.034,
2003-06-20,0.951,
2003-06-23,1.006,
2003-06-24,1.03,
2003-06-25,1.032,
2003-06-26,1.016,
2003-06-27,1.097,
2003-06-30,1.186,
2003-07-01,1.215,
2003-07-02,1.267,
2003-07-03,1.487,
2003-07-04,1.464,
2003-07-07,1.527,
2003-07-08,1.623,
2003-07-09,1.593,
2003-07-10,1.5,
2003-07-11,1.398,
2003-07-14,1.408,
2003-07-15,1.442,
2003-07-16,1.425,
2003-07-17,1.345,
2003-07-18,1.345,
2003-07-22,1.372,
2003-07-23,1.396,
2003-07-24,1.437,
2003-07-25,1.434,
2003-07-28,1.399,
2003-07-29,1.451,
2003-07-30,1.467,
2003-07-31,1.434,
2003-08-01,1.429,
2003-08-04,1.438,
2003-08-05,1.401,
2003-08-06,1.411,
2003-08-07,1.41,
2003-08-08,1.4,
2003-08-11,1.415,
2003-08-12,1.422,
2003-08-13,1.447,
2003-08-14,1.558,
2003-08-15,1.631,
2003-08-18,1.752,
2003-08-19,1.872,
2003-08-20,1.963,
2003-08-21,1.867,
2003-08-22,1.818,
2003-08-25,1.784,
2003-08-26,1.864,
2003-08-27,1.802,
2003-08-28,1.834,
2003-08-29,1.846,
2003-09-01,1.963,
2003-09-02,1.946,
2003-09-03,1.938,
2003-09-04,1.83,
2003-09-05,1.792,
2003-09-08,1.82,
2003-09-09,1.941,
2003-09-10,1.944,
2003-09-11,1.891,
2003-09-12,1.95,
2003-09-16,1.914,
2003-09-17,1.897,
2003-09-18,1.844,
2003-09-19,1.832,
2003-09-22,1.65,
2003-09-24,1.673,
2003-09-25,1.804,
2003-09-26,1.849,
2003-09-29,1.886,
2003-09-30,1.85,
2003-10-01,1.857,
2003-10-02,1.848,
2003-10-03,1.827,
2003-10-06,1.859,
2003-10-07,1.861,
2003-10-08,1.808,
2003-10-09,1.761,
2003-10-10,1.803,
2003-10-14,1.931,
2003-10-15,1.892,
2003-10-16,1.889,
2003-10-17,1.871,
2003-10-20,1.911,
2003-10-21,1.934,
2003-10-22,1.91,
2003-10-23,1.843,
2003-10-24,1.86,
2003-10-27,1.858,
2003-10-28,1.914,
2003-10-29,1.944,
2003-10-30,1.971,
2003-10-31,1.97,
2003-11-04,2.021,
2003-11-05,2.057,
2003-11-06,2.034,
2003-11-07,2.041,
2003-11-10,2.031,
2003-11-11,1.892,
2003-11-12,1.85,
2003-11-13,1.806,
2003-11-14,1.82,
2003-11-17,1.8,
2003-11-18,1.856,
2003-11-19,1.821,
2003-11-20,1.847,
2003-11-21,1.819,
2003-11-25,1.816,
2003-11-26,1.83,
2003-11-27,1.834,
2003-11-28,1.797,
2003-12-01,1.837,
2003-12-02,1.934,
2003-12-03,1.903,
2003-12-04,1.897,
2003-12-05,1.869,
2003-12-08,1.84,
2003-12-09,1.83,
2003-12-10,1.794,
2003-12-11,1.807,
2003-12-12,1.784,
2003-12-15,1.886,
2003-12-16,1.844,
2003-12-17,1.839,
2003-12-18,1.861,
2003-12-19,1.829,
2003-12-22,1.812,
2003-12-24,1.813,
2003-12-25,1.783,
2003-12-26,1.813,
2003-12-29,1.849,
2003-12-30,1.862,
2004-01-05,1.902,
2004-01-06,1.867,
2004-01-07,1.871,
2004-01-08,1.867,
2004-01-09,1.85,
2004-01-13,1.807,
2004-01-14,1.812,
2004-01-15,1.814,
2004-01-16,1.815,
2004-01-19,1.821,
2004-01-20,1.861,
2004-01-21,1.871,
2004-01-22,1.846,
2004-01-23,1.874,
2004-01-26,1.874,
2004-01-27,1.861,
2004-01-28,1.885,
2004-01-29,1.883,
2004-01-30,1.871,
2004-02-02,1.882,
2004-02-03,1.864,
2004-02-04,1.829,
2004-02-05,1.828,
2004-02-06,1.851,
2004-02-09,1.867,
2004-02-10,1.85,
2004-02-12,1.833,
2004-02-13,1.841,
2004-02-16,1.846,
2004-02-17,1.853,
2004-02-18,1.817,
2004-02-19,1.803,
2004-02-20,1.784,
2004-02-23,1.819,
2004-02-24,1.835,
2004-02-25,1.817,
2004-02-26,1.832,
2004-02-27,1.846,
2004-03-01,1.86,
2004-03-02,1.924,
2004-03-03,1.97,
2004-03-04,1.933,
2004-03-05,1.936,
2004-03-08,1.897,
2004-03-09,1.912,
2004-03-10,1.899,
2004-03-11,1.874,
2004-03-12,1.848,
2004-03-15,1.866,
2004-03-16,1.875,
2004-03-17,1.892,
2004-03-18,1.9,
2004-03-19,1.917,
2004-03-22,1.926,
2004-03-23,1.905,
2004-03-24,1.888,
2004-03-25,1.871,
2004-03-26,1.944,
2004-03-29,2.005,
2004-03-30,1.979,
2004-03-31,1.957,
2004-04-01,1.931,
2004-04-02,1.951,
2004-04-05,2.007,
2004-04-06,2.05,
2004-04-07,2.038,
2004-04-08,2.05,
2004-04-09,2.056,
2004-04-12,2.114,
2004-04-13,2.071,
2004-04-14,2.127,
2004-04-15,2.11,
2004-04-16,2.099,
2004-04-19,2.108,
2004-04-20,2.143,
2004-04-21,2.163,
2004-04-22,2.129,
2004-04-23,2.089,
2004-04-26,2.09,
2004-04-27,2.099,
2004-04-28,2.108,
2004-04-30,2.122,
2004-05-06,2.088,
2004-05-07,2.089,
2004-05-10,2.12,
2004-05-11,2.139,
2004-05-12,2.132,
2004-05-13,2.127,
2004-05-14,2.129,
2004-05-17,2.1,
2004-05-18,2.113,
2004-05-19,2.1,
2004-05-20,2.097,
2004-05-21,2.105,
2004-05-24,2.132,
2004-05-25,2.086,
2004-05-26,2.062,
2004-05-27,2.069,
2004-05-28,2.103,
2004-05-31,2.112,
2004-06-01,2.126,
2004-06-02,2.13,
2004-06-03,2.154,
2004-06-04,2.183,
2004-06-07,2.239,
2004-06-08,2.255,
2004-06-09,2.277,
2004-06-10,2.279,
2004-06-11,2.306,
2004-06-14,2.401,
2004-06-15,2.371,
2004-06-16,2.434,
2004-06-17,2.433,
2004-06-18,2.375,
2004-06-21,2.36,
2004-06-22,2.345,
2004-06-23,2.385,
2004-06-24,2.425,
2004-06-25,2.38,
2004-06-28,2.376,
2004-06-29,2.373,
2004-06-30,2.323,
2004-07-01,2.396,
2004-07-02,2.363,
2004-07-05,2.352,
2004-07-06,2.364,
2004-07-07,2.38,
2004-07-08,2.36,
2004-07-09,2.398,
2004-07-12,2.381,
2004-07-13,2.35,
2004-07-14,2.361,
2004-07-15,2.393,
2004-07-16,2.381,
2004-07-20,2.378,
2004-07-21,2.387,
2004-07-22,2.384,
2004-07-23,2.391,
2004-07-26,2.398,
2004-07-27,2.417,
2004-07-28,2.435,
2004-07-29,2.415,
2004-07-30,2.445,
2004-08-02,2.475,
2004-08-03,2.445,
2004-08-04,2.377,
2004-08-05,2.304,
2004-08-06,2.294,
2004-08-09,2.236,
2004-08-10,2.249,
2004-08-11,2.285,
2004-08-12,2.277,
2004-08-13,2.202,
2004-08-16,2.199,
2004-08-17,2.243,
2004-08-18,2.204,
2004-08-19,2.214,
2004-08-20,2.192,
2004-08-23,2.228,
2004-08-24,2.226,
2004-08-25,2.233,
2004-08-26,2.215,
2004-08-27,2.184,
2004-08-30,2.184,
2004-08-31,2.166,
2004-09-01,2.141,
2004-09-02,2.111,
2004-09-03,2.12,
2004-09-06,2.176,
2004-09-07,2.206,
2004-09-08,2.199,
2004-09-09,2.133,
2004-09-10,2.094,
2004-09-13,2.1,
2004-09-14,2.118,
2004-09-15,2.091,
2004-09-16,2.104,
2004-09-17,2.095,
2004-09-21,2.07,
2004-09-22,2.074,
2004-09-24,2.026,
2004-09-27,2.016,
2004-09-28,2.019,
2004-09-29,2.036,
2004-09-30,2.067,
2004-10-01,2.086,
2004-10-04,2.139,
2004-10-05,2.187,
2004-10-06,2.183,
2004-10-07,2.187,
2004-10-08,2.169,
2004-10-12,2.072,
2004-10-13,2.091,
2004-10-14,2.065,
2004-10-15,2.067,
2004-10-18,2.102,
2004-10-19,2.126,
2004-10-20,2.089,
2004-10-21,2.059,
2004-10-22,2.112,
2004-10-25,2.067,
2004-10-26,2.057,
2004-10-27,2.062,
2004-10-28,2.109,
2004-10-29,2.116,
2004-11-01,2.125,
2004-11-02,2.156,
2004-11-04,2.12,
2004-11-05,2.123,
2004-11-08,2.148,
2004-11-09,2.128,
2004-11-10,2.116,
2004-11-11,2.097,
2004-11-12,2.115,
2004-11-15,2.126,
2004-11-16,2.114,
2004-11-17,2.111,
2004-11-18,2.072,
2004-11-19,2.068,
2004-11-22,2.046,
2004-11-24,2.046,
2004-11-25,2.057,
2004-11-26,2.088,
2004-11-29,2.105,
2004-11-30,2.096,
2004-12-01,2.087,
2004-12-02,2.053,
2004-12-03,2.049,
2004-12-06,2.048,
2004-12-07,2.044,
2004-12-08,2.05,
2004-12-09,2.04,
2004-12-10,2.036,
2004-12-13,2.011,
2004-12-14,1.991,
2004-12-15,1.991,
2004-12-16,1.991,
2004-12-17,2.016,
2004-12-20,2.007,
2004-12-21,1.996,
2004-12-22,1.983,
2004-12-24,1.989,
2004-12-27,2.027,
2004-12-28,2.045,
2004-12-29,2.045,
2004-12-30,2.055,
2005-01-04,2.026,
2005-01-05,2.027,
2005-01-06,2.033,
2005-01-07,2.039,
2005-01-11,2.03,
2005-01-12,2.01,
2005-01-13,2.011,
2005-01-14,2.027,
2005-01-17,2.036,
2005-01-18,2.009,
2005-01-19,2.003,
2005-01-20,2.003,
2005-01-21,2.004,
2005-01-24,2.012,
2005-01-25,2.005,
2005-01-26,2.005,
2005-01-27,1.996,
2005-01-28,1.975,
2005-01-31,1.986,
2005-02-01,1.965,
2005-02-02,1.919,
2005-02-03,1.947,
2005-02-04,1.925,
2005-02-07,1.908,
2005-02-08,1.927,
2005-02-09,1.969,
2005-02-10,2.01,
2005-02-14,2.06,
2005-02-15,2.095,
2005-02-16,2.06,
2005-02-17,2.042,
2005-02-18,2.06,
2005-02-21,2.09,
2005-02-22,2.064,
2005-02-23,2.038,
2005-02-24,2.042,
2005-02-25,2.068,
2005-02-28,2.09,
2005-03-01,2.107,
2005-03-02,2.116,
2005-03-03,2.126,
2005-03-04,2.121,
2005-03-07,2.105,
2005-03-08,2.087,
2005-03-09,2.091,
2005-03-10,2.074,
2005-03-11,2.084,
2005-03-14,2.111,
2005-03-15,2.086,
2005-03-16,2.09,
2005-03-17,2.035,
2005-03-18,2.036,
2005-03-22,2.035,
2005-03-23,2.026,
2005-03-24,2.007,
2005-03-25,1.992,
2005-03-28,1.996,
2005-03-29,1.985,
2005-03-30,1.988,
2005-03-31,1.953,
2005-04-01,1.962,
2005-04-04,1.972,
2005-04-05,2.011,
2005-04-06,2.01,
2005-04-07,1.998,
2005-04-08,1.998,
2005-04-11,2.004,
2005-04-12,1.981,
2005-04-13,1.985,
2005-04-14,1.983,
2005-04-15,1.944,
2005-04-18,1.909,
2005-04-19,1.927,
2005-04-20,1.9,
2005-04-21,1.916,
2005-04-22,1.934,
2005-04-25,1.916,
2005-04-26,1.905,
2005-04-27,1.908,
2005-04-28,1.896,
2005-05-02,1.896,
2005-05-06,1.897,
2005-05-09,1.946,
2005-05-10,1.949,
2005-05-11,1.942,
2005-05-12,1.963,
2005-05-13,1.963,
2005-05-16,1.986,
2005-05-17,1.978,
2005-05-18,1.952,
2005-05-19,1.936,
2005-05-20,1.945,
2005-05-23,1.969,
2005-05-24,1.948,
2005-05-25,1.912,
2005-05-26,1.921,
2005-05-27,1.934,
2005-05-30,1.927,
2005-05-31,1.938,
2005-06-01,1.918,
2005-06-02,1.917,
2005-06-03,1.89,
2005-06-06,1.895,
2005-06-07,1.89,
2005-06-08,1.895,
2005-06-09,1.887,
2005-06-10,1.89,
2005-06-13,1.912,
2005-06-14,1.915,
2005-06-15,1.924,
2005-06-16,1.952,
2005-06-17,1.961,
2005-06-20,1.955,
2005-06-21,1.961,
2005-06-22,1.94,
2005-06-23,1.91,
2005-06-24,1.892,
2005-06-27,1.871,
2005-06-28,1.879,
2005-06-29,1.848,
2005-06-30,1.858,
2005-07-01,1.859,
2005-07-04,1.902,
2005-07-05,1.919,
2005-07-06,1.932,
2005-07-07,1.916,
2005-07-08,1.902,
2005-07-11,1.929,
2005-07-12,1.935,
2005-07-13,1.957,
2005-07-14,1.95,
2005-07-15,1.958,
2005-07-19,1.959,
2005-07-20,1.964,
2005-07-21,1.964,
2005-07-22,1.95,
2005-07-25,1.967,
2005-07-26,1.978,
2005-07-27,2.0,
2005-07-28,2.001,
2005-07-29,2.01,
2005-08-01,2.041,
2005-08-02,2.058,
2005-08-03,2.046,
2005-08-04,2.059,
2005-08-05,2.045,
2005-08-08,2.059,
2005-08-09,2.073,
2005-08-10,2.089,
2005-08-11,2.116,
2005-08-12,2.087,
2005-08-15,2.113,
2005-08-16,2.135,
2005-08-17,2.114,
2005-08-18,2.102,
2005-08-19,2.098,
2005-08-22,2.145,
2005-08-23,2.12,
2005-08-24,2.088,
2005-08-25,2.091,
2005-08-26,2.061,
2005-08-29,2.016,
2005-08-30,2.03,
2005-08-31,2.012,
2005-09-01,2.013,
2005-09-02,1.987,
2005-09-05,1.989,
2005-09-06,1.977,
2005-09-07,1.982,
2005-09-08,1.999,
2005-09-09,2.014,
2005-09-12,2.028,
2005-09-13,2.033,
2005-09-14,2.029,
2005-09-15,1.999,
2005-09-16,2.013,
2005-09-20,2.012,
2005-09-21,2.026,
2005-09-22,2.014,
2005-09-26,2.028,
2005-09-27,2.032,
2005-09-28,2.054,
2005-09-29,2.083,
2005-09-30,2.056,
2005-10-03,2.076,
2005-10-04,2.11,
2005-10-05,2.051,
2005-10-06,2.034,
2005-10-07,2.077,
2005-10-11,2.107,
2005-10-12,2.121,
2005-10-13,2.159,
2005-10-14,2.155,
2005-10-17,2.143,
2005-10-18,2.143,
2005-10-19,2.097,
2005-10-20,2.097,
2005-10-21,2.075,
2005-10-24,2.074,
2005-10-25,2.09,
2005-10-26,2.133,
2005-10-27,2.082,
2005-10-28,2.072,
2005-10-31,2.085,
2005-11-01,2.09,
2005-11-02,2.065,
2005-11-04,2.077,
2005-11-07,2.11,
2005-11-08,2.101,
2005-11-09,2.059,
2005-11-10,2.059,
2005-11-11,2.075,
2005-11-14,2.055,
2005-11-15,2.013,
2005-11-16,2.047,
2005-11-17,2.017,
2005-11-18,2.039,
2005-11-21,2.065,
2005-11-22,2.054,
2005-11-24,2.012,
2005-11-25,2.009,
2005-11-28,2.03,
2005-11-29,2.03,
2005-11-30,2.01,
2005-12-01,2.027,
2005-12-02,2.037,
2005-12-05,2.064,
2005-12-06,2.07,
2005-12-07,2.05,
2005-12-08,2.055,
2005-12-09,2.09,
2005-12-12,2.121,
2005-12-13,2.087,
2005-12-14,2.057,
2005-12-15,2.033,
2005-12-16,2.044,
2005-12-19,2.047,
2005-12-20,2.032,
2005-12-21,2.043,
2005-12-22,2.044,
2005-12-26,2.027,
2005-12-27,2.001,
2005-12-28,2.028,
2005-12-29,2.014,
2005-12-30,1.989,
2006-01-04,1.967,
2006-01-05,1.967,
2006-01-06,1.992,
2006-01-10,1.967,
2006-01-11,1.985,
2006-01-12,1.945,
2006-01-13,1.958,
2006-01-16,1.975,
2006-01-17,1.959,
2006-01-18,1.971,
2006-01-19,2.006,
2006-01-20,2.014,
2006-01-23,1.985,
2006-01-24,1.981,
2006-01-25,1.989,
2006-01-26,2.017,
2006-01-27,2.043,
2006-01-30,2.053,
2006-01-31,2.052,
2006-02-01,2.031,
2006-02-02,2.035,
2006-02-03,2.065,
2006-02-06,2.027,
2006-02-07,2.036,
2006-02-08,2.048,
2006-02-09,2.049,
2006-02-10,2.061,
2006-02-13,2.01,
2006-02-14,2.031,
2006-02-15,1.995,
2006-02-16,1.981,
2006-02-17,1.946,
2006-02-20,1.958,
2006-02-21,1.982,
2006-02-22,1.978,
2006-02-23,2.003,
2006-02-24,2.009,
2006-02-27,2.017,
2006-02-28,1.997,
2006-03-01,2.007,
2006-03-02,2.043,
2006-03-03,2.009,
2006-03-06,2.011,
2006-03-07,2.01,
2006-03-08,1.985,
2006-03-09,1.989,
2006-03-10,2.035,
2006-03-13,2.065,
2006-03-14,2.057,
2006-03-15,2.088,
2006-03-16,2.096,
2006-03-17,2.087,
2006-03-20,2.087,
2006-03-22,2.074,
2006-03-23,2.052,
2006-03-24,2.04,
2006-03-27,2.005,
2006-03-28,2.018,
2006-03-29,2.067,
2006-03-30,2.058,
2006-03-31,2.048,
2006-04-03,2.118,
2006-04-04,2.144,
2006-04-05,2.178,
2006-04-06,2.204,
2006-04-07,2.201,
2006-04-10,2.213,
2006-04-11,2.232,
2006-04-12,2.238,
2006-04-13,2.286,
2006-04-14,2.318,
2006-04-17,2.336,
2006-04-18,2.315,
2006-04-19,2.23,
2006-04-20,2.238,
2006-04-21,2.26,
2006-04-24,2.249,
2006-04-25,2.251,
2006-04-26,2.26,
2006-04-27,2.269,
2006-04-28,2.237,
2006-05-01,2.209,
2006-05-02,2.238,
2006-05-08,2.274,
2006-05-09,2.264,
2006-05-10,2.281,
2006-05-11,2.255,
2006-05-12,2.29,
2006-05-15,2.306,
2006-05-16,2.28,
2006-05-17,2.246,
2006-05-18,2.263,
2006-05-19,2.237,
2006-05-22,2.174,
2006-05-23,2.156,
2006-05-24,2.177,
2006-05-25,2.187,
2006-05-26,2.176,
2006-05-29,2.199,
2006-05-30,2.177,
2006-05-31,2.169,
2006-06-01,2.263,
2006-06-02,2.234,
2006-06-05,2.209,
2006-06-06,2.264,
2006-06-07,2.223,
2006-06-08,2.225,
2006-06-09,2.228,
2006-06-12,2.216,
2006-06-13,2.17,
2006-06-14,2.199,
2006-06-15,2.223,
2006-06-16,2.24,
2006-06-19,2.24,
2006-06-20,2.261,
2006-06-21,2.24,
2006-06-22,2.249,
2006-06-23,2.261,
2006-06-26,2.271,
2006-06-27,2.279,
2006-06-28,2.284,
2006-06-29,2.288,
2006-06-30,2.291,
2006-07-03,2.322,
2006-07-04,2.346,
2006-07-05,2.344,
2006-07-06,2.336,
2006-07-07,2.315,
2006-07-10,2.32,
2006-07-11,2.322,
2006-07-12,2.315,
2006-07-13,2.297,
2006-07-14,2.251,
2006-07-18,2.25,
2006-07-19,2.263,
2006-07-20,2.24,
2006-07-21,2.255,
2006-07-24,2.282,
2006-07-25,2.288,
2006-07-26,2.277,
2006-07-27,2.29,
2006-07-28,2.333,
2006-07-31,2.336,
2006-08-01,2.33,
2006-08-02,2.289,
2006-08-03,2.266,
2006-08-04,2.266,
2006-08-07,2.224,
2006-08-08,2.225,
2006-08-09,2.227,
2006-08-10,2.286,
2006-08-11,2.249,
2006-08-14,2.283,
2006-08-15,2.258,
2006-08-16,2.236,
2006-08-17,2.232,
2006-08-18,2.262,
2006-08-21,2.232,
2006-08-22,2.221,
2006-08-23,2.214,
2006-08-24,2.205,
2006-08-25,2.134,
2006-08-28,2.136,
2006-08-29,2.153,
2006-08-30,2.145,
2006-08-31,2.132,
2006-09-01,2.142,
2006-09-04,2.16,
2006-09-05,2.152,
2006-09-06,2.132,
2006-09-07,2.139,
2006-09-08,2.156,
2006-09-11,2.132,
2006-09-12,2.154,
2006-09-13,2.139,
2006-09-14,2.143,
2006-09-15,2.14,
2006-09-19,2.173,
2006-09-20,2.165,
2006-09-21,2.192,
2006-09-22,2.128,
2006-09-25,2.14,
2006-09-26,2.141,
2006-09-27,2.167,
2006-09-28,2.163,
2006-09-29,2.172,
2006-10-02,2.21,
2006-10-03,2.194,
2006-10-04,2.219,
2006-10-05,2.22,
2006-10-06,2.215,
2006-10-10,2.221,
2006-10-11,2.224,
2006-10-12,2.233,
2006-10-13,2.238,
2006-10-16,2.25,
2006-10-17,2.263,
2006-10-18,2.263,
2006-10-19,2.258,
2006-10-20,2.254,
2006-10-23,2.28,
2006-10-24,2.272,
2006-10-25,2.251,
2006-10-26,2.212,
2006-10-27,2.194,
2006-10-30,2.182,
2006-10-31,2.18,
2006-11-01,2.173,
2006-11-02,2.166,
2006-11-06,2.208,
2006-11-07,2.21,
2006-11-08,2.191,
2006-11-09,2.175,
2006-11-10,2.161,
2006-11-13,2.151,
2006-11-14,2.197,
2006-11-15,2.176,
2006-11-16,2.176,
2006-11-17,2.188,
2006-11-20,2.176,
2006-11-21,2.176,
2006-11-22,2.154,
2006-11-24,2.137,
2006-11-27,2.138,
2006-11-28,2.135,
2006-11-29,2.152,
2006-11-30,2.119,
2006-12-01,2.06,
2006-12-04,2.063,
2006-12-05,2.062,
2006-12-06,2.042,
2006-12-07,2.063,
2006-12-08,2.085,
2006-12-11,2.068,
2006-12-12,2.068,
2006-12-13,2.036,
2006-12-14,2.044,
2006-12-15,2.08,
2006-12-18,2.089,
2006-12-19,2.048,
2006-12-20,2.013,
2006-12-21,2.017,
2006-12-22,2.014,
2006-12-25,2.014,
2006-12-26,1.998,
2006-12-27,2.036,
2006-12-28,2.066,
2006-12-29,2.067,
2007-01-04,2.101,
2007-01-05,2.092,
2007-01-09,2.123,
2007-01-10,2.149,
2007-01-11,2.135,
2007-01-12,2.149,
2007-01-15,2.15,
2007-01-16,2.153,
2007-01-17,2.123,
2007-01-18,2.149,
2007-01-19,2.117,
2007-01-22,2.123,
2007-01-23,2.128,
2007-01-24,2.13,
2007-01-25,2.12,
2007-01-26,2.139,
2007-01-29,2.18,
2007-01-30,2.168,
2007-01-31,2.15,
2007-02-01,2.145,
2007-02-02,2.146,
2007-02-05,2.146,
2007-02-06,2.168,
2007-02-07,2.169,
2007-02-08,2.169,
2007-02-09,2.138,
2007-02-13,2.168,
2007-02-14,2.16,
2007-02-15,2.176,
2007-02-16,2.151,
2007-02-19,2.155,
2007-02-20,2.151,
2007-02-21,2.14,
2007-02-22,2.095,
2007-02-23,2.086,
2007-02-26,2.073,
2007-02-27,2.065,
2007-02-28,2.06,
2007-03-01,2.083,
2007-03-02,2.087,
2007-03-05,2.035,
2007-03-06,2.04,
2007-03-07,2.044,
2007-03-08,2.035,
2007-03-09,2.035,
2007-03-12,2.046,
2007-03-13,2.049,
2007-03-14,2.022,
2007-03-15,2.053,
2007-03-16,2.049,
2007-03-19,2.043,
2007-03-20,2.022,
2007-03-22,2.004,
2007-03-23,2.047,
2007-03-26,2.091,
2007-03-27,2.093,
2007-03-28,2.117,
2007-03-29,2.091,
2007-03-30,2.088,
2007-04-02,2.092,
2007-04-03,2.101,
2007-04-04,2.123,
2007-04-05,2.11,
2007-04-06,2.105,
2007-04-09,2.113,
2007-04-10,2.11,
2007-04-11,2.084,
2007-04-12,2.114,
2007-04-13,2.117,
2007-04-16,2.144,
2007-04-17,2.123,
2007-04-18,2.132,
2007-04-19,2.11,
2007-04-20,2.118,
2007-04-23,2.11,
2007-04-24,2.112,
2007-04-25,2.09,
2007-04-26,2.09,
2007-04-27,2.064,
2007-05-01,2.056,
2007-05-02,2.069,
2007-05-07,2.086,
2007-05-08,2.091,
2007-05-09,2.104,
2007-05-10,2.109,
2007-05-11,2.091,
2007-05-14,2.101,
2007-05-15,2.109,
2007-05-16,2.1,
2007-05-17,2.07,
2007-05-18,2.079,
2007-05-21,2.092,
2007-05-22,2.079,
2007-05-23,2.113,
2007-05-24,2.127,
2007-05-25,2.136,
2007-05-28,2.14,
2007-05-29,2.155,
2007-05-30,2.123,
2007-05-31,2.135,
2007-06-01,2.152,
2007-06-04,2.173,
2007-06-05,2.195,
2007-06-06,2.183,
2007-06-07,2.203,
2007-06-08,2.213,
2007-06-11,2.236,
2007-06-12,2.253,
2007-06-13,2.287,
2007-06-14,2.304,
2007-06-15,2.317,
2007-06-18,2.275,
2007-06-19,2.291,
2007-06-20,2.266,
2007-06-21,2.296,
2007-06-22,2.278,
2007-06-25,2.266,
2007-06-26,2.266,
2007-06-27,2.253,
2007-06-28,2.288,
2007-06-29,2.245,
2007-07-02,2.254,
2007-07-03,2.262,
2007-07-04,2.283,
2007-07-05,2.3,
2007-07-06,2.305,
2007-07-09,2.323,
2007-07-10,2.335,
2007-07-11,2.271,
2007-07-12,2.301,
2007-07-13,2.328,
2007-07-17,2.332,
2007-07-18,2.314,
2007-07-19,2.306,
2007-07-20,2.293,
2007-07-23,2.276,
2007-07-24,2.293,
2007-07-25,2.28,
2007-07-26,2.268,
2007-07-27,2.194,
2007-07-30,2.225,
2007-07-31,2.216,
2007-08-01,2.186,
2007-08-02,2.229,
2007-08-03,2.203,
2007-08-06,2.177,
2007-08-07,2.155,
2007-08-08,2.175,
2007-08-09,2.194,
2007-08-10,2.159,
2007-08-13,2.191,
2007-08-14,2.174,
2007-08-15,2.118,
2007-08-16,2.131,
2007-08-17,2.088,
2007-08-20,2.078,
2007-08-21,2.073,
2007-08-22,2.096,
2007-08-23,2.099,
2007-08-24,2.095,
2007-08-27,2.112,
2007-08-28,2.135,
2007-08-29,2.112,
2007-08-30,2.104,
2007-08-31,2.121,
2007-09-03,2.148,
2007-09-04,2.126,
2007-09-05,2.112,
2007-09-06,2.109,
2007-09-07,2.092,
2007-09-10,2.064,
2007-09-11,2.093,
2007-09-12,2.094,
2007-09-13,2.099,
2007-09-14,2.094,
2007-09-18,2.09,
2007-09-19,2.133,
2007-09-20,2.166,
2007-09-21,2.203,
2007-09-25,2.201,
2007-09-26,2.175,
2007-09-27,2.214,
2007-09-28,2.18,
2007-10-01,2.176,
2007-10-02,2.2,
2007-10-03,2.197,
2007-10-04,2.21,
2007-10-05,2.197,
2007-10-09,2.207,
2007-10-10,2.219,
2007-10-11,2.236,
2007-10-12,2.218,
2007-10-15,2.245,
2007-10-16,2.206,
2007-10-17,2.189,
2007-10-18,2.189,
2007-10-19,2.172,
2007-10-22,2.15,
2007-10-23,2.15,
2007-10-24,2.137,
2007-10-25,2.162,
2007-10-26,2.188,
2007-10-29,2.186,
2007-10-30,2.199,
2007-10-31,2.181,
2007-11-01,2.211,
2007-11-02,2.146,
2007-11-05,2.133,
2007-11-06,2.133,2.439
2007-11-07,2.133,2.442
2007-11-08,2.12,2.435
2007-11-09,2.112,2.429
2007-11-12,2.094,2.414
2007-11-13,2.068,2.387
2007-11-14,2.09,2.404
2007-11-15,2.08,2.396
2007-11-16,2.059,2.38
2007-11-19,2.05,2.373
2007-11-20,2.05,2.371
2007-11-21,2.029,2.349
2007-11-22,2.012,2.328
2007-11-26,2.061,2.374
2007-11-27,2.087,2.407
2007-11-28,2.088,2.427
2007-11-29,2.084,2.423
2007-11-30,2.062,2.403
2007-12-03,2.049,2.392
2007-12-04,2.028,2.379
2007-12-05,2.067,2.411
2007-12-06,2.121,2.457
2007-12-07,2.134,2.47
2007-12-10,2.137,2.471
2007-12-11,2.152,2.482
2007-12-12,2.103,2.435
2007-12-13,2.115,2.443
2007-12-14,2.146,2.47
2007-12-17,2.147,2.47
2007-12-18,2.135,2.47
2007-12-19,2.097,2.436
2007-12-20,2.109,2.446
2007-12-21,2.131,2.467
2007-12-25,2.157,2.49
2007-12-26,2.139,2.473
2007-12-27,2.139,2.471
2007-12-28,2.093,2.432
2008-01-04,2.066,2.414
2008-01-07,2.075,2.422
2008-01-08,2.087,2.433
2008-01-09,2.101,2.453
2008-01-10,2.088,2.455
2008-01-11,2.084,2.463
2008-01-15,2.077,2.461
2008-01-16,2.046,2.437
2008-01-17,2.06,2.454
2008-01-18,2.056,2.451
2008-01-21,2.05,2.447
2008-01-22,2.023,2.427
2008-01-23,2.049,2.45
2008-01-24,2.086,2.496
2008-01-25,2.142,2.537
2008-01-28,2.086,2.492
2008-01-29,2.119,2.52
2008-01-30,2.081,2.481
2008-01-31,2.095,2.497
2008-02-01,2.078,2.481
2008-02-04,2.093,2.493
2008-02-05,2.096,2.49
2008-02-06,2.057,2.461
2008-02-07,2.073,2.474
2008-02-08,2.086,2.49
2008-02-12,2.069,2.478
2008-02-13,2.085,2.49
2008-02-14,2.103,2.498
2008-02-15,2.095,2.49
2008-02-18,2.09,2.486
2008-02-19,2.105,2.499
2008-02-20,2.077,2.471
2008-02-21,2.113,2.498
2008-02-22,2.096,2.486
2008-02-25,2.124,2.51
2008-02-26,2.109,2.498
2008-02-27,2.098,2.483
2008-02-28,2.066,2.459
2008-02-29,2.018,2.419
2008-03-03,2.014,2.419
2008-03-04,2.035,2.44
2008-03-05,2.042,2.451
2008-03-06,2.043,2.466
2008-03-07,2.065,2.494
2008-03-10,2.061,2.507
2008-03-11,2.047,2.495
2008-03-12,2.061,2.509
2008-03-13,2.058,2.517
2008-03-14,2.088,2.552
2008-03-17,2.182,2.652
2008-03-18,2.144,2.605
2008-03-19,2.096,2.56
2008-03-21,2.052,2.504
2008-03-24,2.023,2.471
2008-03-25,2.02,2.456
2008-03-26,2.044,2.483
2008-03-27,2.057,2.499
2008-03-28,2.071,2.516
2008-03-31,2.088,2.534
2008-04-01,2.142,2.586
2008-04-02,2.136,2.581
2008-04-03,2.109,2.557
2008-04-04,2.081,2.533
2008-04-07,2.076,2.53
2008-04-08,2.071,2.529
2008-04-09,2.086,2.543
2008-04-10,2.094,2.554
2008-04-11,2.124,2.574
2008-04-14,2.116,2.567
2008-04-15,2.115,2.559
2008-04-16,2.128,2.557
2008-04-17,2.151,2.573
2008-04-18,2.163,2.571
2008-04-21,2.181,2.585
2008-04-22,2.177,2.572
2008-04-23,2.155,2.559
2008-04-24,2.175,2.569
2008-04-25,2.245,2.616
2008-04-28,2.224,2.598
2008-04-30,2.198,2.587
2008-05-01,2.203,2.593
2008-05-02,2.233,2.614
2008-05-07,2.242,2.613
2008-05-08,2.243,2.608
2008-05-09,2.191,2.563
2008-05-12,2.203,2.573
2008-05-13,2.186,2.548
2008-05-14,2.223,2.574
2008-05-15,2.231,2.584
2008-05-16,2.257,2.609
2008-05-19,2.247,2.606
2008-05-20,2.241,2.599
2008-05-21,2.233,2.597
2008-05-22,2.28,2.637
2008-05-23,2.338,2.661
2008-05-26,2.338,2.661
2008-05-27,2.326,2.651
2008-05-28,2.297,2.616
2008-05-29,2.317,2.62
2008-05-30,2.291,2.6
2008-06-02,2.326,2.631
2008-06-03,2.29,2.608
2008-06-04,2.327,2.643
2008-06-05,2.322,2.635
2008-06-06,2.344,2.636
2008-06-09,2.292,2.585
2008-06-10,2.338,2.597
2008-06-11,2.355,2.614
2008-06-12,2.334,2.6
2008-06-13,2.381,2.632
2008-06-16,2.403,2.654
2008-06-17,2.404,2.657
2008-06-18,2.361,2.631
2008-06-19,2.361,2.631
2008-06-20,2.323,2.6
2008-06-23,2.289,2.573
2008-06-24,2.246,2.541
2008-06-25,2.24,2.538
2008-06-26,2.232,2.538
2008-06-27,2.206,2.519
2008-06-30,2.197,2.514
2008-07-01,2.254,2.558
2008-07-02,2.232,2.524
2008-07-03,2.245,2.537
2008-07-04,2.227,2.53
2008-07-07,2.259,2.554
2008-07-08,2.201,2.504
2008-07-09,2.188,2.494
2008-07-10,2.179,2.499
2008-07-11,2.215,2.534
2008-07-14,2.211,2.531
2008-07-15,2.193,2.518
2008-07-16,2.213,2.539
2008-07-17,2.249,2.577
2008-07-18,2.232,2.572
2008-07-22,2.259,2.593
2008-07-23,2.276,2.609
2008-07-24,2.272,2.599
2008-07-25,2.224,2.566
2008-07-28,2.219,2.563
2008-07-29,2.202,2.548
2008-07-30,2.199,2.548
2008-07-31,2.203,2.555
2008-08-01,2.19,2.551
2008-08-04,2.164,2.525
2008-08-05,2.177,2.525
2008-08-06,2.15,2.501
2008-08-07,2.154,2.502
2008-08-08,2.124,2.48
2008-08-11,2.097,2.451
2008-08-12,2.086,2.436
2008-08-13,2.09,2.436
2008-08-14,2.077,2.421
2008-08-15,2.112,2.451
2008-08-18,2.115,2.46
2008-08-19,2.111,2.464
2008-08-20,2.116,2.482
2008-08-21,2.1,2.468
2008-08-22,2.139,2.506
2008-08-25,2.14,2.507
2008-08-26,2.137,2.507
2008-08-27,2.148,2.515
2008-08-28,2.122,2.491
2008-08-29,2.088,2.462
2008-09-01,2.129,2.492
2008-09-02,2.113,2.476
2008-09-03,2.087,2.452
2008-09-04,2.117,2.469
2008-09-05,2.082,2.437
2008-09-08,2.116,2.461
2008-09-09,2.097,2.434
2008-09-10,2.1,2.435
2008-09-11,2.096,2.431
2008-09-12,2.128,2.459
2008-09-16,2.095,2.437
2008-09-17,2.095,2.435
2008-09-18,2.142,2.455
2008-09-19,2.138,2.456
2008-09-22,2.135,2.453
2008-09-24,2.106,2.425
2008-09-25,2.105,2.421
2008-09-26,2.092,2.407
2008-09-29,2.127,2.44
2008-09-30,2.127,2.454
2008-10-01,2.135,2.476
2008-10-02,2.135,2.488
2008-10-03,2.087,2.469
2008-10-06,2.011,2.398
2008-10-07,2.071,2.436
2008-10-08,2.005,2.358
2008-10-09,2.065,2.383
2008-10-10,2.004,2.307
2008-10-14,2.138,2.436
2008-10-15,2.084,2.418
2008-10-16,2.111,2.446
2008-10-17,2.14,2.478
2008-10-20,2.154,2.499
2008-10-21,2.187,2.506
2008-10-22,2.176,2.497
2008-10-23,2.171,2.465
2008-10-24,2.168,2.449
2008-10-27,2.17,2.475
2008-10-28,2.173,2.477
2008-10-29,2.161,2.476
2008-10-30,2.144,2.464
2008-10-31,2.12,2.437
2008-11-04,2.159,2.47
2008-11-05,2.177,2.483
2008-11-06,2.165,2.482
2008-11-07,2.159,2.459
2008-11-10,2.162,2.438
2008-11-11,2.145,2.419
2008-11-12,2.161,2.429
2008-11-13,2.133,2.401
2008-11-14,2.141,2.4
2008-11-17,2.157,2.427
2008-11-18,2.173,2.453
2008-11-19,2.15,2.436
2008-11-20,2.118,2.409
2008-11-21,2.09,2.378
2008-11-25,2.097,2.37
2008-11-26,2.069,2.337
2008-11-27,2.066,2.308
2008-11-28,2.092,2.324
2008-12-01,2.101,2.331
2008-12-02,2.056,2.278
2008-12-03,2.064,2.318
2008-12-04,2.069,2.326
2008-12-05,2.056,2.311
2008-12-08,2.088,2.337
2008-12-09,2.111,2.357
2008-12-10,2.12,2.366
2008-12-11,2.129,2.377
2008-12-12,2.111,2.364
2008-12-15,2.098,2.359
2008-12-16,2.07,2.351
2008-12-17,2.008,2.306
2008-12-18,1.972,2.26
2008-12-19,1.939,2.206
2008-12-22,1.888,2.127
2008-12-24,1.862,2.084
2008-12-25,1.853,2.076
2008-12-26,1.795,2.021
2008-12-29,1.763,1.988
2008-12-30,1.74,1.967
2009-01-05,1.797,2.025
2009-01-06,1.857,2.087
2009-01-07,1.864,2.117
2009-01-08,1.915,2.162
2009-01-09,1.883,2.129
2009-01-13,1.829,2.086
2009-01-14,1.862,2.124
2009-01-15,1.835,2.104
2009-01-16,1.836,2.105
2009-01-19,1.866,2.126
2009-01-20,1.838,2.082
2009-01-21,1.847,2.093
2009-01-22,1.874,2.109
2009-01-23,1.896,2.125
2009-01-26,1.892,2.125
2009-01-27,1.912,2.141
2009-01-28,1.899,2.126
2009-01-29,1.899,2.126
2009-01-30,1.899,2.126
2009-02-02,1.883,2.111
2009-02-03,1.872,2.096
2009-02-04,1.919,2.146
2009-02-05,1.905,2.131
2009-02-06,1.924,2.151
2009-02-09,1.923,2.151
2009-02-10,1.905,2.126
2009-02-12,1.861,2.075
2009-02-13,1.865,2.074
2009-02-16,1.89,2.091
2009-02-17,1.894,2.062
2009-02-18,1.882,2.037
2009-02-19,1.898,2.041
2009-02-20,1.909,2.05
2009-02-23,1.895,2.04
2009-02-24,1.896,2.047
2009-02-25,1.921,2.061
2009-02-26,1.914,2.074
2009-02-27,1.903,2.05
2009-03-02,1.92,2.068
2009-03-03,1.92,2.07
2009-03-04,1.905,2.054
2009-03-05,1.905,2.056
2009-03-06,1.889,2.057
2009-03-09,1.909,2.09
2009-03-10,1.899,2.077
2009-03-11,1.9,2.077
2009-03-12,1.902,2.072
2009-03-13,1.901,2.072
2009-03-16,1.901,2.069
2009-03-17,1.923,2.094
2009-03-18,1.932,2.115
2009-03-19,1.91,2.102
2009-03-23,1.909,2.103
2009-03-24,1.897,2.094
2009-03-25,1.906,2.105
2009-03-26,1.935,2.135
2009-03-27,1.923,2.119
2009-03-30,1.923,2.118
2009-03-31,1.94,2.131
2009-04-01,1.948,2.129
2009-04-02,1.98,2.141
2009-04-03,2.013,2.178
2009-04-06,2.069,2.233
2009-04-07,2.04,2.205
2009-04-08,2.06,2.223
2009-04-09,2.077,2.244
2009-04-10,2.082,2.271
2009-04-13,2.093,2.288
2009-04-14,2.1,2.281
2009-04-15,2.08,2.257
2009-04-16,2.096,2.275
2009-04-17,2.092,2.271
2009-04-20,2.111,2.293
2009-04-21,2.098,2.291
2009-04-22,2.068,2.265
2009-04-23,2.066,2.278
2009-04-24,2.068,2.277
2009-04-27,2.071,2.265
2009-04-28,2.027,2.212
2009-04-30,2.022,2.205
2009-05-01,2.005,2.185
2009-05-07,2.03,2.212
2009-05-08,2.045,2.224
2009-05-11,2.061,2.243
2009-05-12,2.076,2.259
2009-05-13,2.093,2.271
2009-05-14,2.074,2.219
2009-05-15,2.086,2.219
2009-05-18,2.055,2.191
2009-05-19,2.086,2.219
2009-05-20,2.096,2.23
2009-05-21,2.105,2.241
2009-05-22,2.108,2.243
2009-05-25,2.122,2.244
2009-05-26,2.105,2.225
2009-05-27,2.114,2.228
2009-05-28,2.122,2.233
2009-05-29,2.14,2.256
2009-06-01,2.152,2.272
2009-06-02,2.178,2.299
2009-06-03,2.173,2.303
2009-06-04,2.151,2.283
2009-06-05,2.138,2.271
2009-06-08,2.146,2.278
2009-06-09,2.154,2.287
2009-06-10,2.161,2.295
2009-06-11,2.181,2.313
2009-06-12,2.161,2.306
2009-06-15,2.167,2.322
2009-06-16,2.139,2.296
2009-06-17,2.127,2.28
2009-06-18,2.109,2.268
2009-06-19,2.109,2.264
2009-06-22,2.138,2.295
2009-06-23,2.105,2.268
2009-06-24,2.078,2.245
2009-06-25,2.096,2.263
2009-06-26,2.088,2.271
2009-06-29,2.071,2.263
2009-06-30,2.047,2.242
2009-07-01,2.03,2.223
2009-07-02,2.052,2.252
2009-07-03,2.027,2.245
2009-07-06,2.01,2.237
2009-07-07,1.992,2.222
2009-07-08,1.985,2.211
2009-07-09,2.003,2.222
2009-07-10,2.019,2.234
2009-07-13,2.013,2.23
2009-07-14,2.045,2.258
2009-07-15,2.049,2.265
2009-07-16,2.069,2.281
2009-07-17,2.053,2.261
2009-07-21,2.093,2.301
2009-07-22,2.107,2.316
2009-07-23,2.131,2.348
2009-07-24,2.141,2.367
2009-07-27,2.137,2.367
2009-07-28,2.121,2.355
2009-07-29,2.1,2.336
2009-07-30,2.12,2.359
2009-07-31,2.137,2.399
2009-08-03,2.139,2.402
2009-08-04,2.159,2.42
2009-08-05,2.141,2.402
2009-08-06,2.139,2.398
2009-08-07,2.143,2.402
2009-08-10,2.175,2.428
2009-08-11,2.174,2.428
2009-08-12,2.154,2.405
2009-08-13,2.133,2.379
2009-08-14,2.116,2.355
2009-08-17,2.096,2.33
2009-08-18,2.108,2.336
2009-08-19,2.121,2.348
2009-08-20,2.126,2.356
2009-08-21,2.093,2.332
2009-08-24,2.107,2.346
2009-08-25,2.095,2.336
2009-08-26,2.077,2.321
2009-08-27,2.067,2.305
2009-08-28,2.078,2.303
2009-08-31,2.089,2.299
2009-09-01,2.08,2.292
2009-09-02,2.066,2.272
2009-09-03,2.044,2.244
2009-09-04,2.053,2.232
2009-09-07,2.089,2.27
2009-09-08,2.076,2.263
2009-09-09,2.076,2.263
2009-09-10,2.081,2.263
2009-09-11,2.059,2.247
2009-09-14,2.044,2.239
2009-09-15,2.056,2.252
2009-09-16,2.069,2.263
2009-09-17,2.074,2.269
2009-09-18,2.057,2.253
2009-09-24,2.04,2.235
2009-09-25,2.035,2.213
2009-09-28,2.014,2.193
2009-09-29,2.032,2.216
2009-09-30,2.054,2.238
2009-10-01,2.061,2.246
2009-10-02,2.028,2.223
2009-10-05,2.028,2.226
2009-10-06,2.014,2.218
2009-10-07,2.019,2.226
2009-10-08,2.015,2.219
2009-10-09,2.028,2.226
2009-10-13,2.049,2.24
2009-10-14,2.057,2.245
2009-10-15,2.076,2.26
2009-10-16,2.101,2.287
2009-10-19,2.094,2.271
2009-10-20,2.117,2.298
2009-10-21,2.124,2.308
2009-10-22,2.137,2.323
2009-10-23,2.111,2.302
2009-10-26,2.141,2.328
2009-10-27,2.133,2.322
2009-10-28,2.138,2.33
2009-10-29,2.133,2.331
2009-10-30,2.128,2.324
2009-11-02,2.093,2.29
2009-11-04,2.113,2.296
2009-11-05,2.142,2.313
2009-11-06,2.14,2.313
2009-11-09,2.154,2.327
2009-11-10,2.164,2.331
2009-11-11,2.128,2.301
2009-11-12,2.119,2.298
2009-11-13,2.1,2.29
2009-11-16,2.091,2.29
2009-11-17,2.066,2.275
2009-11-18,2.066,2.279
2009-11-19,2.051,2.26
2009-11-20,2.047,2.251
2009-11-24,2.038,2.244
2009-11-25,2.051,2.248
2009-11-26,2.037,2.229
2009-11-27,2.019,2.202
2009-11-30,2.031,2.212
2009-12-01,1.974,2.171
2009-12-02,1.978,2.158
2009-12-03,2.017,2.185
2009-12-04,2.058,2.225
2009-12-07,2.063,2.229
2009-12-08,2.06,2.243
2009-12-09,2.039,2.235
2009-12-10,2.031,2.237
2009-12-11,2.067,2.276
2009-12-14,2.077,2.277
2009-12-15,2.104,2.284
2009-12-16,2.115,2.31
2009-12-17,2.099,2.295
2009-12-18,2.069,2.272
2009-12-21,2.052,2.261
2009-12-22,2.079,2.291
2009-12-24,2.088,2.296
2009-12-25,2.092,2.296
2009-12-28,2.114,2.315
2009-12-29,2.106,2.313
2009-12-30,2.096,2.3
2010-01-04,2.11,2.311
2010-01-05,2.119,2.319
2010-01-06,2.128,2.327
2010-01-07,2.144,2.34
2010-01-08,2.147,2.346
2010-01-12,2.144,2.346
2010-01-13,2.132,2.345
2010-01-14,2.125,2.323
2010-01-15,2.12,2.319
2010-01-18,2.123,2.323
2010-01-19,2.137,2.336
2010-01-20,2.137,2.338
2010-01-21,2.133,2.338
2010-01-22,2.123,2.325
2010-01-25,2.128,2.327
2010-01-26,2.112,2.313
2010-01-27,2.108,2.312
2010-01-28,2.104,2.308
2010-01-29,2.116,2.315
2010-02-01,2.124,2.323
2010-02-02,2.142,2.339
2010-02-03,2.151,2.346
2010-02-04,2.159,2.35
2010-02-05,2.147,2.342
2010-02-08,2.142,2.339
2010-02-09,2.14,2.339
2010-02-10,2.148,2.346
2010-02-12,2.145,2.342
2010-02-15,2.154,2.354
2010-02-16,2.164,2.362
2010-02-17,2.161,2.357
2010-02-18,2.157,2.354
2010-02-19,2.166,2.358
2010-02-22,2.166,2.358
2010-02-23,2.158,2.347
2010-02-24,2.157,2.347
2010-02-25,2.141,2.335
2010-02-26,2.137,2.324
2010-03-01,2.141,2.324
2010-03-02,2.145,2.327
2010-03-03,2.146,2.327
2010-03-04,2.151,2.332
2010-03-05,2.143,2.325
2010-03-08,2.152,2.332
2010-03-09,2.142,2.324
2010-03-10,2.141,2.314
2010-03-11,2.146,2.317
2010-03-12,2.149,2.312
2010-03-15,2.155,2.316
2010-03-16,2.166,2.33
2010-03-17,2.167,2.331
2010-03-18,2.171,2.328
2010-03-19,2.166,2.316
2010-03-23,2.148,2.299
2010-03-24,2.135,2.281
2010-03-25,2.14,2.284
2010-03-26,2.139,2.285
2010-03-29,2.169,2.312
2010-03-30,2.18,2.32
2010-03-31,2.17,2.308
2010-04-01,2.14,2.285
2010-04-02,2.128,2.258
2010-04-05,2.127,2.259
2010-04-06,2.145,2.265
2010-04-07,2.14,2.274
2010-04-08,2.11,2.254
2010-04-09,2.119,2.259
2010-04-12,2.131,2.267
2010-04-13,2.128,2.269
2010-04-14,2.131,2.277
2010-04-15,2.131,2.275
2010-04-16,2.119,2.266
2010-04-19,2.105,2.258
2010-04-20,2.111,2.259
2010-04-21,2.119,2.259
2010-04-22,2.101,2.244
2010-04-23,2.088,2.228
2010-04-26,2.088,2.22
2010-04-27,2.07,2.2
2010-04-28,2.061,2.193
2010-04-30,2.052,2.178
2010-05-06,2.039,2.166
2010-05-07,2.058,2.19
2010-05-10,2.076,2.201
2010-05-11,2.089,2.213
2010-05-12,2.081,2.206
2010-05-13,2.089,2.209
2010-05-14,2.094,2.217
2010-05-17,2.088,2.217
2010-05-18,2.101,2.228
2010-05-19,2.101,2.233
2010-05-20,2.055,2.19
2010-05-21,2.019,2.144
2010-05-24,2.031,2.152
2010-05-25,2.014,2.131
2010-05-26,1.987,2.094
2010-05-27,2.022,2.126
2010-05-28,2.022,2.126
2010-05-31,2.036,2.143
2010-06-01,2.041,2.152
2010-06-02,2.024,2.145
2010-06-03,2.017,2.139
2010-06-04,2.025,2.155
2010-06-07,1.99,2.123
2010-06-08,2.003,2.139
2010-06-09,1.986,2.123
2010-06-10,1.982,2.119
2010-06-11,1.993,2.127
2010-06-14,1.988,2.119
2010-06-15,1.993,2.127
2010-06-16,2.0,2.134
2010-06-17,1.996,2.139
2010-06-18,1.974,2.126
2010-06-21,1.987,2.143
2010-06-22,1.961,2.118
2010-06-23,1.94,2.091
2010-06-24,1.904,2.049
2010-06-25,1.891,2.041
2010-06-28,1.9,2.049
2010-06-29,1.869,2.015
2010-06-30,1.829,1.975
2010-07-01,1.788,1.933
2010-07-02,1.789,1.931
2010-07-05,1.807,1.947
2010-07-06,1.834,1.967
2010-07-07,1.865,1.996
2010-07-08,1.878,2.016
2010-07-09,1.901,2.038
2010-07-12,1.852,1.993
2010-07-13,1.848,1.991
2010-07-14,1.861,2.006
2010-07-15,1.807,1.955
2010-07-16,1.811,1.961
2010-07-20,1.821,1.97
2010-07-21,1.83,1.977
2010-07-22,1.797,1.949
2010-07-23,1.793,1.94
2010-07-26,1.775,1.919
2010-07-27,1.753,1.898
2010-07-28,1.779,1.924
2010-07-29,1.762,1.91
2010-07-30,1.753,1.898
2010-08-02,1.721,1.864
2010-08-03,1.708,1.851
2010-08-04,1.664,1.808
2010-08-05,1.693,1.833
2010-08-06,1.721,1.855
2010-08-09,1.668,1.803
2010-08-10,1.682,1.816
2010-08-11,1.647,1.782
2010-08-12,1.628,1.76
2010-08-13,1.634,1.764
2010-08-16,1.617,1.755
2010-08-17,1.584,1.72
2010-08-18,1.58,1.72
2010-08-19,1.586,1.728
2010-08-20,1.585,1.725
2010-08-23,1.595,1.733
2010-08-24,1.561,1.707
2010-08-25,1.529,1.676
2010-08-26,1.574,1.716
2010-08-27,1.691,1.832
2010-08-30,1.722,1.862
2010-08-31,1.661,1.799
2010-09-01,1.74,1.88
2010-09-02,1.804,1.947
2010-09-03,1.841,1.999
2010-09-06,1.875,2.032
2010-09-07,1.84,2.0
2010-09-08,1.867,2.027
2010-09-09,1.875,2.037
2010-09-10,1.885,2.037
2010-09-13,1.898,2.049
2010-09-14,1.891,2.033
2010-09-15,1.767,1.912
2010-09-16,1.803,1.954
2010-09-17,1.847,2.0
2010-09-21,1.808,1.96
2010-09-22,1.777,1.931
2010-09-24,1.746,1.896
2010-09-27,1.754,1.906
2010-09-28,1.715,1.871
2010-09-29,1.674,1.832
2010-09-30,1.697,1.857
2010-10-01,1.72,1.88
2010-10-04,1.693,1.854
2010-10-05,1.7,1.877
2010-10-06,1.662,1.867
2010-10-07,1.689,1.894
2010-10-08,1.726,1.959
2010-10-12,1.713,1.95
2010-10-13,1.757,2.0
2010-10-14,1.77,2.021
2010-10-15,1.765,2.012
2010-10-18,1.761,2.01
2010-10-19,1.774,2.018
2010-10-20,1.779,2.021
2010-10-21,1.772,2.017
2010-10-22,1.763,2.012
2010-10-25,1.754,2.0
2010-10-26,1.758,1.993
2010-10-27,1.81,2.039
2010-10-28,1.799,2.022
2010-10-29,1.819,2.038
2010-11-01,1.814,2.03
2010-11-02,1.796,2.013
2010-11-04,1.797,2.02
2010-11-05,1.825,2.058
2010-11-08,1.842,2.074
2010-11-09,1.845,2.062
2010-11-10,1.849,2.064
2010-11-11,1.878,2.082
2010-11-12,1.887,2.088
2010-11-15,1.928,2.123
2010-11-16,1.893,2.095
2010-11-17,1.901,2.102
2010-11-18,1.943,2.15
2010-11-19,1.906,2.115
2010-11-22,1.94,2.146
2010-11-24,1.928,2.126
2010-11-25,1.926,2.109
2010-11-26,1.942,2.104
2010-11-29,1.951,2.1
2010-11-30,1.977,2.111
2010-12-01,1.96,2.095
2010-12-02,1.986,2.116
2010-12-03,2.017,2.147
2010-12-06,1.992,2.136
2010-12-07,2.03,2.192
2010-12-08,2.068,2.22
2010-12-09,2.094,2.238
2010-12-10,2.057,2.198
2010-12-13,2.09,2.213
2010-12-14,2.061,2.182
2010-12-15,2.049,2.169
2010-12-16,2.061,2.181
2010-12-17,1.987,2.123
2010-12-20,1.979,2.121
2010-12-21,1.961,2.12
2010-12-22,1.916,2.079
2010-12-24,1.917,2.079
2010-12-27,1.944,2.103
2010-12-28,1.917,2.072
2010-12-29,1.921,2.071
2010-12-30,1.881,2.03
2011-01-04,1.922,2.067
2011-01-05,1.939,2.087
2011-01-06,1.982,2.124
2011-01-07,1.961,2.121
2011-01-11,1.966,2.138
2011-01-12,1.988,2.166
2011-01-13,1.997,2.172
2011-01-14,2.023,2.196
2011-01-17,2.051,2.222
2011-01-18,2.046,2.224
2011-01-19,2.073,2.251
2011-01-20,2.002,2.2
2011-01-21,1.994,2.191
2011-01-24,2.007,2.199
2011-01-25,2.006,2.197
2011-01-26,1.974,2.163
2011-01-27,1.98,2.171
2011-01-28,1.981,2.178
2011-01-31,1.99,2.2
2011-02-01,1.998,2.212
2011-02-02,1.985,2.204
2011-02-03,1.968,2.194
2011-02-04,2.007,2.229
2011-02-07,2.012,2.224
2011-02-08,2.052,2.27
2011-02-09,2.051,2.272
2011-02-10,2.042,2.256
2011-02-14,2.065,2.274
2011-02-15,2.05,2.261
2011-02-16,2.073,2.272
2011-02-17,2.066,2.264
2011-02-18,2.057,2.256
2011-02-21,2.062,2.261
2011-02-22,2.056,2.268
2011-02-23,2.021,2.241
2011-02-24,1.999,2.217
2011-02-25,2.0,2.218
2011-02-28,2.008,2.227
2011-03-01,2.039,2.256
2011-03-02,2.018,2.245
2011-03-03,2.05,2.281
2011-03-04,2.049,2.277
2011-03-07,2.048,2.284
2011-03-08,2.061,2.293
2011-03-09,2.052,2.294
2011-03-10,2.055,2.298
2011-03-11,2.025,2.268
2011-03-14,2.038,2.281
2011-03-15,2.078,2.326
2011-03-16,2.07,2.321
2011-03-17,2.04,2.296
2011-03-18,2.035,2.293
2011-03-22,2.061,2.315
2011-03-23,2.038,2.293
2011-03-24,2.022,2.28
2011-03-25,2.026,2.282
2011-03-28,2.053,2.304
2011-03-29,2.057,2.316
2011-03-30,2.053,2.318
2011-03-31,2.057,2.319
2011-04-01,2.057,2.321
2011-04-04,2.079,2.338
2011-04-05,2.084,2.339
2011-04-06,2.088,2.349
2011-04-07,2.106,2.376
2011-04-08,2.106,2.381
2011-04-11,2.106,2.381
2011-04-12,2.114,2.377
2011-04-13,2.096,2.366
2011-04-14,2.083,2.364
2011-04-15,2.071,2.355
2011-04-18,2.057,2.345
2011-04-19,2.036,2.327
2011-04-20,2.027,2.32
2011-04-21,2.019,2.303
2011-04-22,2.005,2.28
2011-04-25,2.019,2.292
2011-04-26,2.015,2.293
2011-04-27,2.023,2.295
2011-04-28,2.019,2.297
2011-05-02,2.024,2.304
2011-05-06,1.967,2.255
2011-05-09,1.958,2.245
2011-05-10,1.945,2.236
2011-05-11,1.923,2.217
2011-05-12,1.91,2.201
2011-05-13,1.905,2.193
2011-05-16,1.919,2.205
2011-05-17,1.953,2.224
2011-05-18,1.963,2.228
2011-05-19,1.953,2.217
2011-05-20,1.931,2.192
2011-05-23,1.947,2.209
2011-05-24,1.942,2.204
2011-05-25,1.928,2.196
2011-05-26,1.916,2.189
2011-05-27,1.894,2.164
2011-05-30,1.903,2.173
2011-05-31,1.942,2.211
2011-06-01,1.948,2.216
2011-06-02,1.915,2.192
2011-06-03,1.901,2.18
2011-06-06,1.916,2.192
2011-06-07,1.931,2.209
2011-06-08,1.92,2.201
2011-06-09,1.902,2.192
2011-06-10,1.923,2.216
2011-06-13,1.93,2.226
2011-06-14,1.921,2.232
2011-06-15,1.922,2.233
2011-06-16,1.896,2.207
2011-06-17,1.909,2.223
2011-06-20,1.9,2.213
2011-06-21,1.896,2.205
2011-06-22,1.896,2.205
2011-06-23,1.892,2.2
2011-06-24,1.878,2.189
2011-06-27,1.879,2.189
2011-06-28,1.87,2.181
2011-06-29,1.883,2.192
2011-06-30,1.887,2.196
2011-07-01,1.888,2.204
2011-07-04,1.91,2.229
2011-07-05,1.928,2.253
2011-07-06,1.936,2.263
2011-07-07,1.941,2.272
2011-07-08,1.936,2.272
2011-07-11,1.915,2.257
2011-07-12,1.884,2.234
2011-07-13,1.879,2.222
2011-07-14,1.856,2.206
2011-07-15,1.878,2.222
2011-07-19,1.858,2.207
2011-07-20,1.863,2.214
2011-07-21,1.867,2.222
2011-07-22,1.866,2.222
2011-07-25,1.867,2.223
2011-07-26,1.867,2.222
2011-07-27,1.867,2.226
2011-07-28,1.867,2.228
2011-07-29,1.863,2.228
2011-08-01,1.854,2.226
2011-08-02,1.825,2.214
2011-08-03,1.775,2.183
2011-08-04,1.779,2.185
2011-08-05,1.775,2.169
2011-08-08,1.793,2.186
2011-08-09,1.834,2.301
2011-08-10,1.829,2.25
2011-08-11,1.839,2.25
2011-08-12,1.861,2.261
2011-08-15,1.861,2.261
2011-08-16,1.866,2.283
2011-08-17,1.84,2.272
2011-08-18,1.81,2.253
2011-08-19,1.804,2.243
2011-08-22,1.812,2.247
2011-08-23,1.836,2.263
2011-08-24,1.836,2.257
2011-08-25,1.855,2.28
2011-08-26,1.855,2.28
2011-08-29,1.843,2.273
2011-08-30,1.838,2.261
2011-08-31,1.839,2.261
2011-09-01,1.856,2.265
2011-09-02,1.844,2.253
2011-09-05,1.808,2.232
2011-09-06,1.781,2.203
2011-09-07,1.789,2.198
2011-09-08,1.794,2.194
2011-09-09,1.781,2.176
2011-09-12,1.781,2.173
2011-09-13,1.751,2.148
2011-09-14,1.747,2.137
2011-09-15,1.743,2.127
2011-09-16,1.752,2.118
2011-09-20,1.743,2.103
2011-09-21,1.734,2.092
2011-09-22,1.69,2.049
2011-09-26,1.698,2.053
2011-09-27,1.72,2.071
2011-09-28,1.739,2.096
2011-09-29,1.728,2.088
2011-09-30,1.731,2.094
2011-10-03,1.735,2.099
2011-10-04,1.717,2.082
2011-10-05,1.704,2.078
2011-10-06,1.718,2.087
2011-10-07,1.709,2.075
2011-10-11,1.709,2.075
2011-10-12,1.714,2.088
2011-10-13,1.74,2.12
2011-10-14,1.735,2.123
2011-10-17,1.753,2.143
2011-10-18,1.753,2.145
2011-10-19,1.762,2.155
2011-10-20,1.762,2.16
2011-10-21,1.77,2.171
2011-10-24,1.774,2.18
2011-10-25,1.764,2.18
2011-10-26,1.745,2.18
2011-10-27,1.761,2.193
2011-10-28,1.78,2.213
2011-10-31,1.789,2.221
2011-11-01,1.781,2.213
2011-11-02,1.745,2.189
2011-11-04,1.737,2.188
2011-11-07,1.746,2.205
2011-11-08,1.746,2.219
2011-11-09,1.752,2.228
2011-11-10,1.729,2.182
2011-11-11,1.719,2.154
2011-11-14,1.737,2.167
2011-11-15,1.728,2.16
2011-11-16,1.729,2.173
2011-11-17,1.729,2.182
2011-11-18,1.718,2.167
2011-11-21,1.72,2.163
2011-11-22,1.721,2.16
2011-11-24,1.727,2.152
2011-11-25,1.771,2.174
2011-11-28,1.802,2.203
2011-11-29,1.806,2.196
2011-11-30,1.807,2.192
2011-12-01,1.807,2.191
2011-12-02,1.787,2.175
2011-12-05,1.77,2.16
2011-12-06,1.764,2.152
2011-12-07,1.774,2.158
2011-12-08,1.774,2.149
2011-12-09,1.755,2.131
2011-12-12,1.755,2.14
2011-12-13,1.744,2.139
2011-12-14,1.74,2.122
2011-12-15,1.744,2.124
2011-12-16,1.744,2.127
2011-12-19,1.735,2.123
2011-12-20,1.731,2.118
2011-12-21,1.731,2.12
2011-12-22,1.739,2.132
2011-12-26,1.74,2.133
2011-12-27,1.736,2.121
2011-12-28,1.753,2.138
2011-12-29,1.754,2.133
2011-12-30,1.74,2.109
2012-01-04,1.748,2.115
2012-01-05,1.745,2.115
2012-01-06,1.748,2.121
2012-01-10,1.741,2.113
2012-01-11,1.737,2.116
2012-01-12,1.737,2.124
2012-01-13,1.729,2.125
2012-01-16,1.715,2.112
2012-01-17,1.737,2.125
2012-01-18,1.741,2.121
2012-01-19,1.746,2.128
2012-01-20,1.754,2.135
2012-01-23,1.763,2.142
2012-01-24,1.763,2.142
2012-01-25,1.768,2.149
2012-01-26,1.75,2.141
2012-01-27,1.738,2.133
2012-01-30,1.733,2.133
2012-01-31,1.733,2.138
2012-02-01,1.723,2.129
2012-02-02,1.727,2.125
2012-02-03,1.724,2.121
2012-02-06,1.731,2.12
2012-02-07,1.746,2.134
2012-02-08,1.755,2.138
2012-02-09,1.757,2.146
2012-02-10,1.75,2.146
2012-02-13,1.752,2.154
2012-02-14,1.751,2.158
2012-02-15,1.751,2.164
2012-02-16,1.742,2.154
2012-02-17,1.733,2.143
2012-02-20,1.731,2.134
2012-02-21,1.746,2.15
2012-02-22,1.759,2.162
2012-02-23,1.763,2.163
2012-02-24,1.764,2.163
2012-02-27,1.769,2.159
2012-02-28,1.76,2.154
2012-02-29,1.751,2.147
2012-03-01,1.751,2.149
2012-03-02,1.764,2.155
2012-03-05,1.769,2.163
2012-03-06,1.769,2.163
2012-03-07,1.765,2.152
2012-03-08,1.77,2.143
2012-03-09,1.774,2.142
2012-03-12,1.77,2.139
2012-03-13,1.762,2.123
2012-03-14,1.783,2.131
2012-03-15,1.822,2.151
2012-03-16,1.805,2.144
2012-03-19,1.787,2.132
2012-03-21,1.774,2.123
2012-03-22,1.779,2.132
2012-03-23,1.775,2.132
2012-03-26,1.77,2.128
2012-03-27,1.774,2.132
2012-03-28,1.77,2.132
2012-03-29,1.764,2.132
2012-03-30,1.752,2.12
2012-04-02,1.774,2.14
2012-04-03,1.801,2.164
2012-04-04,1.801,2.162
2012-04-05,1.778,2.14
2012-04-06,1.771,2.14
2012-04-09,1.753,2.128
2012-04-10,1.736,2.12
2012-04-11,1.732,2.124
2012-04-12,1.727,2.117
2012-04-13,1.731,2.112
2012-04-16,1.731,2.113
2012-04-17,1.723,2.107
2012-04-18,1.728,2.109
2012-04-19,1.727,2.113
2012-04-20,1.735,2.121
2012-04-23,1.724,2.113
2012-04-24,1.726,2.12
2012-04-25,1.717,2.113
2012-04-26,1.713,2.108
2012-04-27,1.7,2.105
2012-05-01,1.679,2.085
2012-05-02,1.683,2.088
2012-05-07,1.653,2.061
2012-05-08,1.662,2.064
2012-05-09,1.653,2.051
2012-05-10,1.657,2.051
2012-05-11,1.661,2.054
2012-05-14,1.657,2.056
2012-05-15,1.649,2.031
2012-05-16,1.623,2.002
2012-05-17,1.631,2.002
2012-05-18,1.601,1.965
2012-05-21,1.639,2.001
2012-05-22,1.647,2.009
2012-05-23,1.663,2.025
2012-05-24,1.655,2.019
2012-05-25,1.684,2.049
2012-05-28,1.68,2.045
2012-05-29,1.647,2.014
2012-05-30,1.643,2.006
2012-05-31,1.625,1.989
2012-06-01,1.624,1.986
2012-06-04,1.637,1.998
2012-06-05,1.675,2.034
2012-06-06,1.668,2.033
2012-06-07,1.685,2.053
2012-06-08,1.66,2.029
2012-06-11,1.668,2.038
2012-06-12,1.665,2.038
2012-06-13,1.686,2.07
2012-06-14,1.678,2.085
2012-06-15,1.668,2.074
2012-06-18,1.663,2.058
2012-06-19,1.647,2.049
2012-06-20,1.66,2.062
2012-06-21,1.669,2.081
2012-06-22,1.661,2.082
2012-06-25,1.67,2.09
2012-06-26,1.665,2.09
2012-06-27,1.652,2.09
2012-06-28,1.648,2.089
2012-06-29,1.665,2.107
2012-07-02,1.648,2.087
2012-07-03,1.644,2.075
2012-07-04,1.653,2.082
2012-07-05,1.653,2.087
2012-07-06,1.635,2.082
2012-07-09,1.631,2.075
2012-07-10,1.626,2.059
2012-07-11,1.609,2.034
2012-07-12,1.609,2.035
2012-07-13,1.596,2.024
2012-07-17,1.583,2.012
2012-07-18,1.564,1.987
2012-07-19,1.538,1.956
2012-07-20,1.561,1.976
2012-07-23,1.539,1.966
2012-07-24,1.562,1.994
2012-07-25,1.557,1.998
2012-07-26,1.553,1.994
2012-07-27,1.562,2.002
2012-07-30,1.589,2.023
2012-07-31,1.602,2.037
2012-08-01,1.593,2.034
2012-08-02,1.602,2.05
2012-08-03,1.562,2.024
2012-08-06,1.562,2.025
2012-08-07,1.593,2.048
2012-08-08,1.615,2.072
2012-08-09,1.615,2.08
2012-08-10,1.611,2.08
2012-08-13,1.606,2.076
2012-08-14,1.611,2.08
2012-08-15,1.633,2.096
2012-08-16,1.666,2.112
2012-08-17,1.641,2.088
2012-08-20,1.653,2.096
2012-08-21,1.649,2.088
2012-08-22,1.651,2.091
2012-08-23,1.671,2.119
2012-08-24,1.662,2.119
2012-08-27,1.663,2.125
2012-08-28,1.662,2.132
2012-08-29,1.649,2.121
2012-08-30,1.655,2.122
2012-08-31,1.655,2.121
2012-09-03,1.642,2.109
2012-09-04,1.65,2.109
2012-09-05,1.638,2.097
2012-09-06,1.651,2.105
2012-09-07,1.655,2.101
2012-09-10,1.647,2.084
2012-09-11,1.647,2.081
2012-09-12,1.65,2.078
2012-09-13,1.673,2.093
2012-09-14,1.66,2.087
2012-09-18,1.686,2.111
2012-09-19,1.696,2.123
2012-09-20,1.678,2.115
2012-09-21,1.67,2.103
2012-09-24,1.661,2.096
2012-09-25,1.656,2.088
2012-09-26,1.644,2.075
2012-09-27,1.648,2.077
2012-09-28,1.648,2.08
2012-10-01,1.648,2.078
2012-10-02,1.648,2.08
2012-10-03,1.657,2.091
2012-10-04,1.653,2.088
2012-10-05,1.667,2.102
2012-10-09,1.659,2.097
2012-10-10,1.663,2.106
2012-10-11,1.654,2.098
2012-10-12,1.658,2.098
2012-10-15,1.659,2.095
2012-10-16,1.668,2.095
2012-10-17,1.68,2.102
2012-10-18,1.689,2.111
2012-10-19,1.68,2.104
2012-10-22,1.681,2.105
2012-10-23,1.698,2.123
2012-10-24,1.698,2.131
2012-10-25,1.694,2.127
2012-10-26,1.676,2.116
2012-10-29,1.689,2.127
2012-10-30,1.694,2.131
2012-10-31,1.694,2.141
2012-11-01,1.684,2.136
2012-11-02,1.685,2.143
2012-11-05,1.69,2.143
2012-11-06,1.686,2.136
2012-11-07,1.695,2.147
2012-11-08,1.667,2.116
2012-11-09,1.661,2.104
2012-11-12,1.657,2.099
2012-11-13,1.656,2.092
2012-11-14,1.665,2.097
2012-11-15,1.68,2.123
2012-11-16,1.689,2.14
2012-11-19,1.684,2.136
2012-11-20,1.675,2.124
2012-11-21,1.685,2.132
2012-11-22,1.694,2.136
2012-11-26,1.681,2.121
2012-11-27,1.676,2.117
2012-11-28,1.676,2.119
2012-11-29,1.676,2.121
2012-11-30,1.681,2.127
2012-12-03,1.685,2.132
2012-12-04,1.694,2.131
2012-12-05,1.69,2.127
2012-12-06,1.656,2.082
2012-12-07,1.66,2.081
2012-12-10,1.665,2.082
2012-12-11,1.669,2.08
2012-12-12,1.669,2.079
2012-12-13,1.707,2.11
2012-12-14,1.708,2.115
2012-12-17,1.722,2.129
2012-12-18,1.731,2.141
2012-12-19,1.74,2.143
2012-12-20,1.725,2.123
2012-12-21,1.709,2.1
2012-12-25,1.714,2.107
2012-12-26,1.74,2.126
2012-12-27,1.754,2.142
2012-12-28,1.754,2.138
2013-01-04,1.777,2.149
2013-01-07,1.786,2.156
2013-01-08,1.786,2.158
2013-01-09,1.782,2.154
2013-01-10,1.782,2.154
2013-01-11,1.782,2.169
2013-01-15,1.756,2.158
2013-01-16,1.73,2.127
2013-01-17,1.735,2.139
2013-01-18,1.761,2.167
2013-01-21,1.735,2.145
2013-01-22,1.74,2.151
2013-01-23,1.73,2.138
2013-01-24,1.753,2.154
2013-01-25,1.766,2.172
2013-01-28,1.766,2.17
2013-01-29,1.771,2.167
2013-01-30,1.779,2.173
2013-01-31,1.766,2.157
2013-02-01,1.771,2.159
2013-02-04,1.789,2.175
2013-02-05,1.78,2.171
2013-02-06,1.78,2.171
2013-02-07,1.78,2.171
2013-02-08,1.771,2.162
2013-02-12,1.758,2.141
2013-02-13,1.749,2.133
2013-02-14,1.753,2.125
2013-02-15,1.74,2.109
2013-02-18,1.735,2.091
2013-02-19,1.739,2.078
2013-02-20,1.752,2.088
2013-02-21,1.757,2.092
2013-02-22,1.736,2.071
2013-02-25,1.723,2.059
2013-02-26,1.7,2.037
2013-02-27,1.676,2.021
2013-02-28,1.634,1.99
2013-03-01,1.603,1.95
2013-03-04,1.53,1.87
2013-03-05,1.577,1.903
2013-03-06,1.602,1.923
2013-03-07,1.634,1.937
2013-03-08,1.625,1.893
2013-03-11,1.656,1.915
2013-03-12,1.63,1.891
2013-03-13,1.604,1.878
2013-03-14,1.618,1.903
2013-03-15,1.606,1.891
2013-03-18,1.574,1.857
2013-03-19,1.561,1.843
2013-03-21,1.529,1.802
2013-03-22,1.497,1.757
2013-03-25,1.457,1.702
2013-03-26,1.474,1.735
2013-03-27,1.453,1.73
2013-03-28,1.426,1.711
2013-03-29,1.406,1.669
2013-04-01,1.44,1.699
2013-04-02,1.408,1.668
2013-04-03,1.413,1.671
2013-04-04,1.176,1.405
2013-04-05,1.17,1.368
2013-04-08,1.26,1.441
2013-04-09,1.326,1.487
2013-04-10,1.386,1.533
2013-04-11,1.432,1.566
2013-04-12,1.476,1.599
2013-04-15,1.528,1.652
2013-04-16,1.501,1.648
2013-04-17,1.533,1.696
2013-04-18,1.501,1.666
2013-04-19,1.442,1.625
2013-04-22,1.482,1.676
2013-04-23,1.454,1.659
2013-04-24,1.485,1.683
2013-04-25,1.486,1.697
2013-04-26,1.483,1.693
2013-04-30,1.49,1.687
2013-05-01,1.468,1.672
2013-05-02,1.458,1.672
2013-05-07,1.49,1.701
2013-05-08,1.504,1.714
2013-05-09,1.51,1.734
2013-05-10,1.563,1.779
2013-05-13,1.615,1.82
2013-05-14,1.646,1.845
2013-05-15,1.655,1.862
2013-05-16,1.655,1.876
2013-05-17,1.652,1.891
2013-05-20,1.678,1.911
2013-05-21,1.691,1.948
2013-05-22,1.704,1.974
2013-05-23,1.673,1.951
2013-05-24,1.668,1.943
2013-05-27,1.65,1.918
2013-05-28,1.681,1.934
2013-05-29,1.684,1.921
2013-05-30,1.666,1.897
2013-05-31,1.626,1.848
2013-06-03,1.586,1.814
2013-06-04,1.658,1.893
2013-06-05,1.667,1.913
2013-06-06,1.641,1.897
2013-06-07,1.632,1.883
2013-06-10,1.644,1.882
2013-06-11,1.674,1.89
2013-06-12,1.683,1.89
2013-06-13,1.67,1.874
2013-06-14,1.667,1.866
2013-06-17,1.68,1.869
2013-06-18,1.678,1.868
2013-06-19,1.692,1.892
2013-06-20,1.727,1.917
2013-06-21,1.749,1.933
2013-06-24,1.766,1.949
2013-06-25,1.727,1.912
2013-06-26,1.709,1.892
2013-06-27,1.692,1.887
2013-06-28,1.696,1.898
2013-07-01,1.732,1.938
2013-07-02,1.745,1.966
2013-07-03,1.75,1.966
2013-07-04,1.724,1.93
2013-07-05,1.728,1.942
2013-07-08,1.75,1.962
2013-07-09,1.732,1.953
2013-07-10,1.732,1.952
2013-07-11,1.71,1.932
2013-07-12,1.715,1.936
2013-07-16,1.719,1.942
2013-07-17,1.707,1.926
2013-07-18,1.711,1.926
2013-07-19,1.716,1.926
2013-07-22,1.707,1.918
2013-07-23,1.716,1.926
2013-07-24,1.716,1.93
2013-07-25,1.73,1.93
2013-07-26,1.708,1.902
2013-07-29,1.708,1.898
2013-07-30,1.703,1.886
2013-07-31,1.707,1.882
2013-08-01,1.703,1.884
2013-08-02,1.712,1.892
2013-08-05,1.699,1.885
2013-08-06,1.721,1.909
2013-08-07,1.712,1.897
2013-08-08,1.686,1.872
2013-08-09,1.681,1.867
2013-08-12,1.664,1.854
2013-08-13,1.65,1.837
2013-08-14,1.668,1.858
2013-08-15,1.682,1.886
2013-08-16,1.692,1.898
2013-08-19,1.692,1.902
2013-08-20,1.679,1.911
2013-08-21,1.683,1.911
2013-08-22,1.696,1.907
2013-08-23,1.704,1.911
2013-08-26,1.7,1.907
2013-08-27,1.687,1.895
2013-08-28,1.66,1.87
2013-08-29,1.642,1.85
2013-08-30,1.652,1.858
2013-09-02,1.666,1.87
2013-09-03,1.693,1.891
2013-09-04,1.703,1.899
2013-09-05,1.695,1.903
2013-09-06,1.713,1.919
2013-09-09,1.685,1.904
2013-09-10,1.663,1.888
2013-09-11,1.672,1.894
2013-09-12,1.663,1.877
2013-09-13,1.668,1.873
2013-09-17,1.656,1.857
2013-09-18,1.655,1.857
2013-09-19,1.606,1.82
2013-09-20,1.607,1.814
2013-09-24,1.58,1.789
2013-09-25,1.567,1.779
2013-09-26,1.59,1.789
2013-09-27,1.585,1.79
2013-09-30,1.581,1.792
2013-10-01,1.563,1.776
2013-10-02,1.531,1.731
2013-10-03,1.513,1.715
2013-10-04,1.522,1.719
2013-10-07,1.53,1.731
2013-10-08,1.541,1.748
2013-10-09,1.527,1.736
2013-10-10,1.527,1.728
2013-10-11,1.532,1.74
2013-10-15,1.551,1.762
2013-10-16,1.529,1.74
2013-10-17,1.529,1.736
2013-10-18,1.506,1.715
2013-10-21,1.515,1.724
2013-10-22,1.498,1.707
2013-10-23,1.48,1.682
2013-10-24,1.493,1.703
2013-10-25,1.507,1.725
2013-10-28,1.507,1.724
2013-10-29,1.521,1.732
2013-10-30,1.502,1.712
2013-10-31,1.511,1.72
2013-11-01,1.526,1.736
2013-11-05,1.527,1.741
2013-11-06,1.524,1.736
2013-11-07,1.505,1.725
2013-11-08,1.487,1.712
2013-11-11,1.487,1.711
2013-11-12,1.501,1.716
2013-11-13,1.51,1.72
2013-11-14,1.511,1.729
2013-11-15,1.529,1.75
2013-11-18,1.529,1.75
2013-11-19,1.529,1.754
2013-11-20,1.516,1.754
2013-11-21,1.528,1.762
2013-11-22,1.53,1.762
2013-11-25,1.545,1.783
2013-11-26,1.526,1.758
2013-11-27,1.503,1.733
2013-11-28,1.508,1.737
2013-11-29,1.509,1.75
2013-12-02,1.519,1.763
2013-12-03,1.529,1.775
2013-12-04,1.521,1.767
2013-12-05,1.516,1.763
2013-12-06,1.544,1.787
2013-12-09,1.534,1.779
2013-12-10,1.553,1.784
2013-12-11,1.566,1.795
2013-12-12,1.557,1.791
2013-12-13,1.574,1.805
2013-12-16,1.576,1.806
2013-12-17,1.56,1.792
2013-12-18,1.529,1.755
2013-12-19,1.542,1.758
2013-12-20,1.542,1.751
2013-12-24,1.543,1.751
2013-12-25,1.548,1.751
2013-12-26,1.557,1.759
2013-12-27,1.566,1.767
2013-12-30,1.584,1.781
2014-01-06,1.572,1.772
2014-01-07,1.554,1.759
2014-01-08,1.545,1.751
2014-01-09,1.541,1.747
2014-01-10,1.541,1.75
2014-01-14,1.515,1.723
2014-01-15,1.524,1.727
2014-01-16,1.537,1.739
2014-01-17,1.551,1.752
2014-01-20,1.543,1.744
2014-01-21,1.556,1.76
2014-01-22,1.552,1.752
2014-01-23,1.511,1.718
2014-01-24,1.476,1.685
2014-01-27,1.485,1.696
2014-01-28,1.498,1.724
2014-01-29,1.499,1.723
2014-01-30,1.481,1.71
2014-01-31,1.482,1.714
2014-02-03,1.468,1.702
2014-02-04,1.45,1.681
2014-02-05,1.437,1.668
2014-02-06,1.446,1.675
2014-02-07,1.478,1.713
2014-02-10,1.485,1.727
2014-02-12,1.493,1.735
2014-02-13,1.478,1.719
2014-02-14,1.464,1.702
2014-02-17,1.474,1.711
2014-02-18,1.479,1.714
2014-02-19,1.494,1.735
2014-02-20,1.48,1.719
2014-02-21,1.49,1.735
2014-02-24,1.486,1.731
2014-02-25,1.473,1.711
2014-02-26,1.474,1.714
2014-02-27,1.477,1.735
2014-02-28,1.465,1.728
2014-03-03,1.45,1.711
2014-03-04,1.449,1.708
2014-03-05,1.465,1.719
2014-03-06,1.47,1.732
2014-03-07,1.484,1.744
2014-03-10,1.482,1.744
2014-03-11,1.486,1.753
2014-03-12,1.491,1.761
2014-03-13,1.513,1.778
2014-03-14,1.504,1.769
2014-03-17,1.508,1.769
2014-03-18,1.518,1.778
2014-03-19,1.496,1.764
2014-03-20,1.469,1.747
2014-03-24,1.483,1.765
2014-03-25,1.483,1.765
2014-03-26,1.492,1.773
2014-03-27,1.497,1.78
2014-03-28,1.493,1.781
2014-03-31,1.507,1.79
2014-04-01,1.471,1.754
2014-04-02,1.485,1.761
2014-04-03,1.498,1.769
2014-04-04,1.494,1.765
2014-04-07,1.481,1.753
2014-04-08,1.499,1.77
2014-04-09,1.503,1.778
2014-04-10,1.495,1.778
2014-04-11,1.491,1.777
2014-04-14,1.487,1.774
2014-04-15,1.488,1.774
2014-04-16,1.479,1.771
2014-04-17,1.478,1.774
2014-04-18,1.47,1.769
2014-04-21,1.475,1.778
2014-04-22,1.479,1.781
2014-04-23,1.488,1.789
2014-04-24,1.484,1.782
2014-04-25,1.489,1.786
2014-04-28,1.485,1.791
2014-04-30,1.49,1.805
2014-05-01,1.485,1.799
2014-05-02,1.481,1.799
2014-05-07,1.469,1.791
2014-05-08,1.469,1.791
2014-05-09,1.479,1.799
2014-05-12,1.492,1.807
2014-05-13,1.492,1.808
2014-05-14,1.488,1.803
2014-05-15,1.48,1.795
2014-05-16,1.475,1.797
2014-05-19,1.471,1.796
2014-05-20,1.471,1.798
2014-05-21,1.463,1.798
2014-05-22,1.468,1.797
2014-05-23,1.462,1.795
2014-05-26,1.464,1.796
2014-05-27,1.464,1.786
2014-05-28,1.455,1.779
2014-05-29,1.447,1.77
2014-05-30,1.456,1.779
2014-06-02,1.465,1.791
2014-06-03,1.46,1.784
2014-06-04,1.469,1.787
2014-06-05,1.479,1.799
2014-06-06,1.465,1.787
2014-06-09,1.466,1.791
2014-06-10,1.462,1.791
2014-06-11,1.476,1.795
2014-06-12,1.463,1.775
2014-06-13,1.467,1.764
2014-06-16,1.462,1.744
2014-06-17,1.455,1.74
2014-06-18,1.455,1.736
2014-06-19,1.469,1.783
2014-06-20,1.46,1.779
2014-06-23,1.456,1.783
2014-06-24,1.452,1.791
2014-06-25,1.439,1.791
2014-06-26,1.425,1.786
2014-06-27,1.421,1.779
2014-06-30,1.43,1.783
2014-07-01,1.431,1.775
2014-07-02,1.431,1.772
2014-07-03,1.436,1.775
2014-07-04,1.436,1.787
2014-07-07,1.446,1.799
2014-07-08,1.432,1.792
2014-07-09,1.428,1.795
2014-07-10,1.432,1.811
2014-07-11,1.419,1.811
2014-07-14,1.415,1.807
2014-07-15,1.416,1.807
2014-07-16,1.421,1.807
2014-07-17,1.406,1.779
2014-07-18,1.411,1.775
2014-07-22,1.421,1.783
2014-07-23,1.408,1.771
2014-07-24,1.391,1.752
2014-07-25,1.4,1.755
2014-07-28,1.396,1.744
2014-07-29,1.401,1.752
2014-07-30,1.406,1.763
2014-07-31,1.415,1.775
2014-08-01,1.411,1.784
2014-08-04,1.407,1.79
2014-08-05,1.401,1.784
2014-08-06,1.401,1.787
2014-08-07,1.406,1.796
2014-08-08,1.385,1.784
2014-08-11,1.395,1.787
2014-08-12,1.386,1.773
2014-08-13,1.386,1.769
2014-08-14,1.386,1.776
2014-08-15,1.386,1.784
2014-08-18,1.376,1.78
2014-08-19,1.368,1.776
2014-08-20,1.377,1.78
2014-08-21,1.395,1.792
2014-08-22,1.377,1.78
2014-08-25,1.369,1.768
2014-08-26,1.36,1.764
2014-08-27,1.355,1.772
2014-08-28,1.35,1.772
2014-08-29,1.35,1.766
2014-09-01,1.355,1.77
2014-09-02,1.364,1.778
2014-09-03,1.365,1.781
2014-09-04,1.366,1.786
2014-09-05,1.371,1.786
2014-09-08,1.362,1.782
2014-09-09,1.368,1.794
2014-09-10,1.381,1.801
2014-09-11,1.408,1.814
2014-09-12,1.415,1.806
2014-09-16,1.427,1.811
2014-09-17,1.404,1.795
2014-09-18,1.413,1.806
2014-09-19,1.409,1.811
2014-09-22,1.387,1.791
2014-09-24,1.374,1.779
2014-09-25,1.361,1.767
2014-09-26,1.352,1.752
2014-09-29,1.352,1.747
2014-09-30,1.353,1.745
2014-10-01,1.366,1.76
2014-10-02,1.367,1.763
2014-10-03,1.362,1.772
2014-10-06,1.354,1.764
2014-10-07,1.354,1.766
2014-10-08,1.345,1.761
2014-10-09,1.331,1.753
2014-10-10,1.35,1.773
2014-10-14,1.351,1.78
2014-10-15,1.337,1.772
2014-10-16,1.337,1.784
2014-10-17,1.324,1.78
2014-10-20,1.343,1.796
2014-10-21,1.329,1.776
2014-10-22,1.329,1.768
2014-10-23,1.33,1.776
2014-10-24,1.321,1.768
2014-10-27,1.321,1.773
2014-10-28,1.312,1.78
2014-10-29,1.317,1.784
2014-10-30,1.331,1.808
2014-10-31,1.289,1.741
2014-11-04,1.214,1.624
2014-11-05,1.257,1.676
2014-11-06,1.266,1.692
2014-11-07,1.271,1.693
2014-11-10,1.251,1.673
2014-11-11,1.268,1.677
2014-11-12,1.318,1.709
2014-11-13,1.291,1.672
2014-11-14,1.272,1.624
2014-11-17,1.263,1.599
2014-11-18,1.305,1.636
2014-11-19,1.261,1.581
2014-11-20,1.245,1.546
2014-11-21,1.259,1.592
2014-11-25,1.247,1.584
2014-11-26,1.233,1.572
2014-11-27,1.216,1.555
2014-11-28,1.211,1.555
2014-12-01,1.202,1.538
2014-12-02,1.202,1.534
2014-12-03,1.198,1.543
2014-12-04,1.217,1.572
2014-12-05,1.213,1.576
2014-12-08,1.221,1.581
2014-12-09,1.198,1.543
2014-12-10,1.174,1.505
2014-12-11,1.184,1.505
2014-12-12,1.19,1.514
2014-12-15,1.167,1.505
2014-12-16,1.152,1.499
2014-12-17,1.142,1.493
2014-12-18,1.127,1.473
2014-12-19,1.118,1.46
2014-12-22,1.109,1.442
2014-12-24,1.096,1.426
2014-12-25,1.063,1.394
2014-12-26,1.077,1.41
2014-12-29,1.077,1.413
2014-12-30,1.065,1.386
2015-01-05,1.06,1.392
2015-01-06,0.985,1.323
2015-01-07,0.973,1.306
2015-01-08,0.938,1.26
2015-01-09,0.97,1.293
2015-01-13,0.948,1.266
2015-01-14,0.939,1.248
2015-01-15,0.934,1.231
2015-01-16,0.929,1.226
2015-01-19,0.896,1.218
2015-01-20,0.892,1.218
2015-01-21,0.926,1.253
2015-01-22,1.075,1.409
2015-01-23,1.068,1.44
2015-01-26,1.06,1.441
2015-01-27,1.065,1.445
2015-01-28,1.056,1.424
2015-01-29,1.064,1.428
2015-01-30,1.054,1.415
2015-02-02,1.045,1.406
2015-02-03,1.102,1.473
2015-02-04,1.167,1.541
2015-02-05,1.129,1.483
2015-02-06,1.106,1.454
2015-02-09,1.158,1.5
2015-02-10,1.199,1.538
2015-02-12,1.208,1.547
2015-02-13,1.244,1.583
2015-02-16,1.303,1.652
2015-02-17,1.228,1.588
2015-02-18,1.232,1.593
2015-02-19,1.203,1.546
2015-02-20,1.217,1.579
2015-02-23,1.205,1.567
2015-02-24,1.192,1.542
2015-02-25,1.151,1.517
2015-02-26,1.17,1.558
2015-02-27,1.166,1.554
2015-03-02,1.177,1.567
2015-03-03,1.219,1.616
2015-03-04,1.225,1.628
2015-03-05,1.196,1.585
2015-03-06,1.18,1.571
2015-03-09,1.226,1.61
2015-03-10,1.271,1.649
2015-03-11,1.241,1.62
2015-03-12,1.209,1.595
2015-03-13,1.231,1.608
2015-03-16,1.226,1.592
2015-03-17,1.213,1.58
2015-03-18,1.136,1.484
2015-03-19,1.073,1.396
2015-03-20,1.104,1.437
2015-03-23,1.104,1.451
2015-03-24,1.081,1.412
2015-03-25,1.081,1.412
2015-03-26,1.073,1.404
2015-03-27,1.142,1.497
2015-03-30,1.119,1.468
2015-03-31,1.133,1.464
2015-04-01,1.124,1.48
2015-04-02,1.097,1.455
2015-04-03,1.129,1.501
2015-04-06,1.134,1.514
2015-04-07,1.139,1.521
2015-04-08,1.134,1.514
2015-04-09,1.144,1.522
2015-04-10,1.126,1.505
2015-04-13,1.135,1.522
2015-04-14,1.112,1.505
2015-04-15,1.099,1.489
2015-04-16,1.085,1.468
2015-04-17,1.062,1.438
2015-04-20,1.062,1.43
2015-04-21,1.076,1.442
2015-04-22,1.081,1.442
2015-04-23,1.086,1.451
2015-04-24,1.068,1.443
2015-04-27,1.086,1.463
2015-04-28,1.083,1.471
2015-04-30,1.106,1.484
2015-05-01,1.134,1.505
2015-05-07,1.2,1.562
2015-05-08,1.191,1.562
2015-05-11,1.177,1.558
2015-05-12,1.228,1.606
2015-05-13,1.24,1.613
2015-05-14,1.232,1.606
2015-05-15,1.173,1.563
2015-05-18,1.151,1.538
2015-05-19,1.164,1.546
2015-05-20,1.196,1.577
2015-05-21,1.212,1.598
2015-05-22,1.217,1.603
2015-05-25,1.222,1.604
2015-05-26,1.221,1.603
2015-05-27,1.196,1.591
2015-05-28,1.222,1.619
2015-05-29,1.199,1.595
2015-06-01,1.218,1.61
2015-06-02,1.218,1.611
2015-06-03,1.246,1.63
2015-06-04,1.269,1.646
2015-06-05,1.274,1.65
2015-06-08,1.284,1.661
2015-06-09,1.234,1.619
2015-06-10,1.257,1.626
2015-06-11,1.285,1.634
2015-06-12,1.267,1.635
2015-06-15,1.263,1.632
2015-06-16,1.264,1.628
2015-06-17,1.25,1.62
2015-06-18,1.218,1.595
2015-06-19,1.188,1.579
2015-06-22,1.178,1.559
2015-06-23,1.214,1.587
2015-06-24,1.219,1.588
2015-06-25,1.237,1.6
2015-06-26,1.229,1.596
2015-06-29,1.197,1.571
2015-06-30,1.202,1.572
2015-07-01,1.225,1.588
2015-07-02,1.258,1.608
2015-07-03,1.239,1.596
2015-07-06,1.228,1.591
2015-07-07,1.225,1.596
2015-07-08,1.184,1.556
2015-07-09,1.207,1.575
2015-07-10,1.208,1.58
2015-07-13,1.223,1.596
2015-07-14,1.222,1.588
2015-07-15,1.218,1.572
2015-07-16,1.218,1.58
2015-07-17,1.208,1.577
2015-07-21,1.203,1.565
2015-07-22,1.177,1.541
2015-07-23,1.178,1.537
2015-07-24,1.178,1.54
2015-07-27,1.183,1.548
2015-07-28,1.178,1.545
2015-07-29,1.179,1.552
2015-07-30,1.185,1.557
2015-07-31,1.175,1.55
2015-08-03,1.186,1.557
2015-08-04,1.167,1.541
2015-08-05,1.181,1.553
2015-08-06,1.209,1.581
2015-08-07,1.2,1.573
2015-08-10,1.192,1.566
2015-08-11,1.191,1.569
2015-08-12,1.159,1.542
2015-08-13,1.178,1.561
2015-08-14,1.173,1.558
2015-08-17,1.183,1.566
2015-08-18,1.165,1.55
2015-08-19,1.169,1.554
2015-08-20,1.151,1.534
2015-08-21,1.143,1.525
2015-08-24,1.142,1.52
2015-08-25,1.161,1.532
2015-08-26,1.162,1.528
2015-08-27,1.18,1.544
2015-08-28,1.167,1.54
2015-08-31,1.168,1.544
2015-09-01,1.164,1.548
2015-09-02,1.169,1.557
2015-09-03,1.17,1.552
2015-09-04,1.147,1.528
2015-09-07,1.146,1.524
2015-09-08,1.136,1.513
2015-09-09,1.147,1.52
2015-09-10,1.142,1.529
2015-09-11,1.148,1.54
2015-09-14,1.15,1.541
2015-09-15,1.159,1.545
2015-09-16,1.164,1.549
2015-09-17,1.154,1.54
2015-09-18,1.117,1.505
2015-09-24,1.11,1.494
2015-09-25,1.105,1.485
2015-09-28,1.129,1.51
2015-09-29,1.115,1.498
2015-09-30,1.133,1.518
2015-10-01,1.115,1.502
2015-10-02,1.097,1.49
2015-10-05,1.092,1.486
2015-10-06,1.102,1.494
2015-10-07,1.107,1.494
2015-10-08,1.103,1.486
2015-10-09,1.094,1.478
2015-10-13,1.085,1.474
2015-10-14,1.081,1.478
2015-10-15,1.095,1.492
2015-10-16,1.09,1.486
2015-10-19,1.095,1.494
2015-10-20,1.091,1.494
2015-10-21,1.101,1.502
2015-10-22,1.087,1.491
2015-10-23,1.082,1.483
2015-10-26,1.097,1.495
2015-10-27,1.088,1.483
2015-10-28,1.079,1.479
2015-10-29,1.079,1.479
2015-10-30,1.08,1.479
2015-11-02,1.089,1.491
2015-11-04,1.098,1.495
2015-11-05,1.095,1.495
2015-11-06,1.1,1.503
2015-11-09,1.116,1.523
2015-11-10,1.097,1.511
2015-11-11,1.106,1.519
2015-11-12,1.1,1.519
2015-11-13,1.095,1.527
2015-11-16,1.092,1.519
2015-11-17,1.093,1.527
2015-11-18,1.093,1.535
2015-11-19,1.089,1.523
2015-11-20,1.099,1.535
2015-11-24,1.106,1.535
2015-11-25,1.09,1.527
2015-11-26,1.081,1.516
2015-11-27,1.081,1.512
2015-11-30,1.086,1.512
2015-12-01,1.086,1.512
2015-12-02,1.092,1.516
2015-12-03,1.082,1.516
2015-12-04,1.092,1.528
2015-12-07,1.088,1.528
2015-12-08,1.074,1.516
2015-12-09,1.059,1.501
2015-12-10,1.054,1.493
2015-12-11,1.063,1.493
2015-12-14,1.059,1.486
2015-12-15,1.049,1.481
2015-12-16,1.044,1.481
2015-12-17,1.037,1.473
2015-12-18,0.995,1.417
2015-12-21,0.996,1.405
2015-12-22,1.0,1.397
2015-12-24,1.006,1.397
2015-12-25,1.01,1.397
2015-12-28,1.001,1.398
2015-12-29,1.002,1.406
2015-12-30,0.997,1.406
2016-01-04,0.986,1.402
2016-01-05,0.971,1.386
2016-01-06,0.967,1.382
2016-01-07,0.958,1.363
2016-01-08,0.939,1.346
2016-01-12,0.93,1.338
2016-01-13,0.921,1.333
2016-01-14,0.963,1.378
2016-01-15,0.956,1.382
2016-01-18,0.928,1.362
2016-01-19,0.936,1.37
2016-01-20,0.932,1.362
2016-01-21,0.927,1.35
2016-01-22,0.932,1.342
2016-01-25,0.933,1.334
2016-01-26,0.927,1.322
2016-01-27,0.918,1.302
2016-01-28,0.934,1.326
2016-01-29,0.833,1.235
2016-02-01,0.787,1.193
2016-02-02,0.826,1.243
2016-02-03,0.803,1.239
2016-02-04,0.794,1.239
2016-02-05,0.785,1.243
2016-02-08,0.781,1.243
2016-02-09,0.743,1.227
2016-02-10,0.758,1.248
2016-02-12,0.824,1.31
2016-02-15,0.843,1.322
2016-02-16,0.772,1.248
2016-02-17,0.761,1.214
2016-02-18,0.747,1.206
2016-02-19,0.738,1.21
2016-02-22,0.709,1.177
2016-02-23,0.696,1.155
2016-02-24,0.633,1.099
2016-02-25,0.573,1.025
2016-02-26,0.58,1.043
2016-02-29,0.573,1.034
2016-03-01,0.518,0.971
2016-03-02,0.512,0.966
2016-03-03,0.497,0.944
2016-03-04,0.467,0.902
2016-03-07,0.451,0.857
2016-03-08,0.331,0.642
2016-03-09,0.502,0.829
2016-03-10,0.522,0.865
2016-03-11,0.557,0.893
2016-03-14,0.503,0.848
2016-03-15,0.486,0.796
2016-03-16,0.462,0.772
2016-03-17,0.429,0.715
2016-03-18,0.347,0.578
2016-03-22,0.342,0.523
2016-03-23,0.347,0.538
2016-03-24,0.397,0.615
2016-03-25,0.391,0.606
2016-03-28,0.404,0.607
2016-03-29,0.41,0.607
2016-03-30,0.406,0.602
2016-03-31,0.441,0.632
2016-04-01,0.373,0.484
2016-04-04,0.353,0.476
2016-04-05,0.358,0.496
2016-04-06,0.368,0.526
2016-04-07,0.353,0.496
2016-04-08,0.329,0.503
2016-04-11,0.32,0.482
2016-04-12,0.315,0.482
2016-04-13,0.325,0.487
2016-04-14,0.32,0.48
2016-04-15,0.311,0.481
2016-04-18,0.296,0.45
2016-04-19,0.281,0.413
2016-04-20,0.261,0.36
2016-04-21,0.261,0.339
2016-04-22,0.297,0.398
2016-04-25,0.356,0.475
2016-04-26,0.307,0.396
2016-04-27,0.34,0.443
2016-04-28,0.297,0.407
2016-05-02,0.248,0.356
2016-05-06,0.234,0.345
2016-05-09,0.244,0.35
2016-05-10,0.269,0.382
2016-05-11,0.26,0.366
2016-05-12,0.261,0.376
2016-05-13,0.276,0.419
2016-05-16,0.279,0.434
2016-05-17,0.27,0.429
2016-05-18,0.28,0.434
2016-05-19,0.294,0.424
2016-05-20,0.269,0.403
2016-05-23,0.267,0.408
2016-05-24,0.271,0.408
2016-05-25,0.274,0.419
2016-05-26,0.26,0.386
2016-05-27,0.249,0.372
2016-05-30,0.259,0.386
2016-05-31,0.249,0.363
2016-06-01,0.26,0.399
2016-06-02,0.255,0.391
2016-06-03,0.254,0.386
2016-06-06,0.236,0.373
2016-06-07,0.225,0.35
2016-06-08,0.235,0.355
2016-06-09,0.226,0.355
2016-06-10,0.195,0.319
2016-06-13,0.18,0.283
2016-06-14,0.17,0.273
2016-06-15,0.15,0.244
2016-06-16,0.103,0.194
2016-06-17,0.174,0.272
2016-06-20,0.201,0.3
2016-06-21,0.21,0.306
2016-06-22,0.205,0.286
2016-06-23,0.186,0.237
2016-06-24,0.112,0.164
2016-06-27,0.082,0.13
2016-06-28,0.041,0.071
2016-06-29,0.048,0.106
2016-06-30,0.067,0.157
2016-07-01,0.043,0.133
2016-07-04,0.043,0.103
2016-07-05,0.032,0.081
2016-07-06,0.022,0.067
2016-07-07,0.037,0.091
2016-07-08,0.043,0.111
2016-07-11,0.054,0.121
2016-07-12,0.069,0.16
2016-07-13,0.064,0.156
2016-07-14,0.089,0.18
2016-07-15,0.134,0.226
2016-07-19,0.139,0.23
2016-07-20,0.149,0.251
2016-07-21,0.179,0.314
2016-07-22,0.179,0.315
2016-07-25,0.18,0.327
2016-07-26,0.17,0.324
2016-07-27,0.161,0.333
2016-07-28,0.15,0.315
2016-07-29,0.184,0.328
2016-08-01,0.214,0.357
2016-08-02,0.253,0.377
2016-08-03,0.262,0.419
2016-08-04,0.3,0.477
2016-08-05,0.285,0.46
2016-08-08,0.321,0.485
2016-08-09,0.306,0.5
2016-08-10,0.263,0.463
2016-08-12,0.25,0.434
2016-08-15,0.254,0.412
2016-08-16,0.271,0.426
2016-08-17,0.279,0.425
2016-08-18,0.282,0.422
2016-08-19,0.269,0.394
2016-08-22,0.292,0.411
2016-08-23,0.258,0.376
2016-08-24,0.263,0.385
2016-08-25,0.259,0.385
2016-08-26,0.274,0.409
2016-08-29,0.3,0.439
2016-08-30,0.314,0.459
2016-08-31,0.334,0.479
2016-09-01,0.358,0.5
2016-09-02,0.396,0.562
2016-09-05,0.405,0.577
2016-09-06,0.409,0.557
2016-09-07,0.355,0.485
2016-09-08,0.387,0.513
2016-09-09,0.431,0.568
2016-09-12,0.455,0.596
2016-09-13,0.442,0.576
2016-09-14,0.477,0.637
2016-09-15,0.447,0.615
2016-09-16,0.452,0.618
2016-09-20,0.41,0.572
2016-09-21,0.419,0.58
2016-09-23,0.375,0.542
2016-09-26,0.38,0.558
2016-09-27,0.385,0.566
2016-09-28,0.351,0.529
2016-09-29,0.346,0.506
2016-09-30,0.361,0.522
2016-10-03,0.356,0.518
2016-10-04,0.356,0.518
2016-10-05,0.386,0.558
2016-10-06,0.387,0.558
2016-10-07,0.391,0.572
2016-10-11,0.402,0.592
2016-10-12,0.387,0.565
2016-10-13,0.377,0.554
2016-10-14,0.387,0.566
2016-10-17,0.393,0.569
2016-10-18,0.397,0.566
2016-10-19,0.397,0.57
2016-10-20,0.392,0.566
2016-10-21,0.387,0.562
2016-10-24,0.382,0.558
2016-10-25,0.373,0.558
2016-10-26,0.364,0.55
2016-10-27,0.384,0.566
2016-10-28,0.394,0.577
2016-10-31,0.384,0.574
2016-11-01,0.384,0.574
2016-11-02,0.369,0.565
2016-11-04,0.369,0.566
2016-11-07,0.38,0.573
2016-11-08,0.37,0.573
2016-11-09,0.36,0.555
2016-11-10,0.394,0.595
2016-11-11,0.405,0.608
2016-11-14,0.422,0.623
2016-11-15,0.444,0.649
2016-11-16,0.453,0.653
2016-11-17,0.449,0.646
2016-11-18,0.483,0.679
2016-11-21,0.489,0.69
2016-11-22,0.493,0.708
2016-11-24,0.498,0.726
2016-11-25,0.483,0.686
2016-11-28,0.459,0.651
2016-11-29,0.45,0.638
2016-11-30,0.455,0.642
2016-12-01,0.48,0.66
2016-12-02,0.485,0.668
2016-12-05,0.476,0.661
2016-12-06,0.51,0.698
2016-12-07,0.515,0.701
2016-12-08,0.529,0.727
2016-12-09,0.567,0.777
2016-12-12,0.639,0.874
2016-12-13,0.649,0.874
2016-12-14,0.604,0.809
2016-12-15,0.614,0.794
2016-12-16,0.571,0.745
2016-12-19,0.591,0.763
2016-12-20,0.567,0.741
2016-12-21,0.558,0.735
2016-12-22,0.567,0.748
2016-12-26,0.577,0.759
2016-12-27,0.572,0.756
2016-12-28,0.592,0.792
2016-12-29,0.578,0.785
2016-12-30,0.573,0.788
2017-01-04,0.598,0.82
2017-01-05,0.611,0.84
2017-01-06,0.592,0.816
2017-01-10,0.602,0.823
2017-01-11,0.616,0.841
2017-01-12,0.597,0.822
2017-01-13,0.593,0.821
2017-01-16,0.596,0.824
2017-01-17,0.589,0.824
2017-01-18,0.585,0.821
2017-01-19,0.613,0.852
2017-01-20,0.633,0.879
2017-01-23,0.623,0.873
2017-01-24,0.618,0.876
2017-01-25,0.628,0.886
2017-01-26,0.657,0.916
2017-01-27,0.653,0.913
2017-01-30,0.653,0.913
2017-01-31,0.657,0.903
2017-02-01,0.667,0.902
2017-02-02,0.687,0.926
2017-02-03,0.686,0.926
2017-02-06,0.715,0.963
2017-02-07,0.715,0.963
2017-02-08,0.715,0.966
2017-02-09,0.681,0.944
2017-02-10,0.667,0.928
2017-02-13,0.676,0.934
2017-02-14,0.696,0.96
2017-02-15,0.696,0.96
2017-02-16,0.701,0.974
2017-02-17,0.705,0.98
2017-02-20,0.706,0.98
2017-02-21,0.706,0.98
2017-02-22,0.692,0.964
2017-02-23,0.658,0.928
2017-02-24,0.65,0.925
2017-02-27,0.625,0.884
2017-02-28,0.629,0.881
2017-03-01,0.653,0.918
2017-03-02,0.68,0.945
2017-03-03,0.661,0.936
2017-03-06,0.645,0.919
2017-03-07,0.656,0.94
2017-03-08,0.671,0.952
2017-03-09,0.672,0.952
2017-03-10,0.681,0.962
2017-03-13,0.677,0.964
2017-03-14,0.672,0.968
2017-03-15,0.667,0.961
2017-03-16,0.644,0.943
2017-03-17,0.653,0.949
2017-03-21,0.648,0.953
2017-03-22,0.639,0.938
2017-03-23,0.644,0.938
2017-03-24,0.644,0.946
2017-03-27,0.639,0.946
2017-03-28,0.631,0.94
2017-03-29,0.621,0.937
2017-03-30,0.63,0.946
2017-03-31,0.635,0.96
2017-04-03,0.64,0.962
2017-04-04,0.64,0.976
2017-04-05,0.648,0.99
2017-04-06,0.631,0.967
2017-04-07,0.621,0.961
2017-04-10,0.627,0.967
2017-04-11,0.617,0.961
2017-04-12,0.594,0.938
2017-04-13,0.588,0.921
2017-04-14,0.569,0.897
2017-04-17,0.555,0.881
2017-04-18,0.578,0.908
2017-04-19,0.565,0.897
2017-04-20,0.556,0.894
2017-04-21,0.555,0.898
2017-04-24,0.571,0.915
2017-04-25,0.566,0.918
2017-04-26,0.581,0.928
2017-04-27,0.58,0.93
2017-04-28,0.562,0.921
2017-05-01,0.567,0.925
2017-05-02,0.572,0.927
2017-05-08,0.588,0.937
2017-05-09,0.597,0.954
2017-05-10,0.602,0.954
2017-05-11,0.617,0.974
2017-05-12,0.612,0.977
2017-05-15,0.598,0.971
2017-05-16,0.608,0.978
2017-05-17,0.603,0.974
2017-05-18,0.58,0.952
2017-05-19,0.569,0.943
2017-05-22,0.58,0.952
2017-05-23,0.575,0.943
2017-05-24,0.581,0.946
2017-05-25,0.585,0.959
2017-05-26,0.566,0.942
2017-05-29,0.575,0.951
2017-05-30,0.57,0.946
2017-05-31,0.575,0.946
2017-06-01,0.586,0.963
2017-06-02,0.581,0.963
2017-06-05,0.576,0.959
2017-06-06,0.571,0.964
2017-06-07,0.563,0.955
2017-06-08,0.597,1.0
2017-06-09,0.576,0.986
2017-06-12,0.582,0.995
2017-06-13,0.58,0.981
2017-06-14,0.571,0.972
2017-06-15,0.557,0.96
2017-06-16,0.562,0.973
2017-06-19,0.562,0.978
2017-06-20,0.557,0.969
2017-06-21,0.558,0.96
2017-06-22,0.553,0.953
2017-06-23,0.563,0.966
2017-06-26,0.563,0.98
2017-06-27,0.559,0.975
2017-06-28,0.568,0.987
2017-06-29,0.564,0.983
2017-06-30,0.592,1.017
2017-07-03,0.597,1.021
2017-07-04,0.598,1.026
2017-07-05,0.602,1.034
2017-07-06,0.617,1.055
2017-07-07,0.616,1.055
2017-07-10,0.622,1.06
2017-07-11,0.636,1.073
2017-07-12,0.627,1.064
2017-07-13,0.599,1.033
2017-07-14,0.599,1.042
2017-07-18,0.587,1.038
2017-07-19,0.591,1.042
2017-07-20,0.591,1.042
2017-07-21,0.591,1.042
2017-07-24,0.592,1.051
2017-07-25,0.586,1.038
2017-07-26,0.596,1.046
2017-07-27,0.587,1.048
2017-07-28,0.588,1.057
2017-07-31,0.592,1.066
2017-08-01,0.593,1.071
2017-08-02,0.584,1.071
2017-08-03,0.578,1.062
2017-08-04,0.578,1.062
2017-08-07,0.583,1.071
2017-08-08,0.583,1.071
2017-08-09,0.569,1.054
2017-08-10,0.569,1.045
2017-08-14,0.565,1.036
2017-08-15,0.566,1.039
2017-08-16,0.575,1.057
2017-08-17,0.575,1.052
2017-08-18,0.571,1.044
2017-08-21,0.561,1.035
2017-08-22,0.551,1.026
2017-08-23,0.551,1.021
2017-08-24,0.546,1.019
2017-08-25,0.552,1.028
2017-08-28,0.554,1.027
2017-08-29,0.553,1.023
2017-08-30,0.553,1.024
2017-08-31,0.549,1.019
2017-09-01,0.544,1.019
2017-09-04,0.534,1.012
2017-09-05,0.532,1.003
2017-09-06,0.532,1.01
2017-09-07,0.553,1.022
2017-09-08,0.535,1.003
2017-09-11,0.54,1.003
2017-09-12,0.555,1.017
2017-09-13,0.56,1.026
2017-09-14,0.566,1.04
2017-09-15,0.547,1.022
2017-09-19,0.557,1.031
2017-09-20,0.552,1.027
2017-09-21,0.548,1.024
2017-09-22,0.543,1.021
2017-09-25,0.548,1.025
2017-09-26,0.553,1.023
2017-09-27,0.573,1.045
2017-09-28,0.597,1.077
2017-09-29,0.578,1.057
2017-10-02,0.593,1.066
2017-10-03,0.596,1.075
2017-10-04,0.579,1.061
2017-10-05,0.574,1.054
2017-10-06,0.593,1.07
2017-10-10,0.594,1.075
2017-10-11,0.594,1.07
2017-10-12,0.589,1.062
2017-10-13,0.594,1.065
2017-10-16,0.594,1.07
2017-10-17,0.594,1.07
2017-10-18,0.595,1.074
2017-10-19,0.6,1.079
2017-10-20,0.604,1.079
2017-10-23,0.605,1.075
2017-10-24,0.601,1.064
2017-10-25,0.596,1.06
2017-10-26,0.601,1.06
2017-10-27,0.601,1.058
2017-10-30,0.597,1.061
2017-10-31,0.597,1.055
2017-11-01,0.593,1.038
2017-11-02,0.592,1.037
2017-11-06,0.573,1.005
2017-11-07,0.568,1.005
2017-11-08,0.563,0.987
2017-11-09,0.577,0.971
2017-11-10,0.578,0.964
2017-11-13,0.588,0.987
2017-11-14,0.593,0.992
2017-11-15,0.583,0.983
2017-11-16,0.588,0.983
2017-11-17,0.58,0.987
2017-11-20,0.575,0.983
2017-11-21,0.575,0.983
2017-11-22,0.57,0.974
2017-11-24,0.576,0.997
2017-11-27,0.585,1.006
2017-11-28,0.59,1.016
2017-11-29,0.575,1.002
2017-11-30,0.575,0.997
2017-12-01,0.581,1.006
2017-12-04,0.587,1.011
2017-12-05,0.591,1.015
2017-12-06,0.587,1.007
2017-12-07,0.585,0.993
2017-12-08,0.575,0.972
2017-12-11,0.578,0.978
2017-12-12,0.573,0.97
2017-12-13,0.578,0.97
2017-12-14,0.571,0.966
2017-12-15,0.567,0.966
2017-12-18,0.567,0.966
2017-12-19,0.562,0.961
2017-12-20,0.572,0.971
2017-12-21,0.577,0.975
2017-12-22,0.568,0.979
2017-12-25,0.563,0.98
2017-12-26,0.564,0.98
2017-12-27,0.568,0.98
2017-12-28,0.573,0.98
2017-12-29,0.568,0.97
2018-01-04,0.574,0.975
2018-01-05,0.577,0.98
2018-01-09,0.589,0.999
2018-01-10,0.603,1.01
2018-01-11,0.594,1.01
2018-01-12,0.589,0.988
2018-01-15,0.594,0.988
2018-01-16,0.597,0.988
2018-01-17,0.598,0.983
2018-01-18,0.602,0.988
2018-01-19,0.594,0.978
2018-01-22,0.593,0.974
2018-01-23,0.589,0.969
2018-01-24,0.594,0.975
2018-01-25,0.595,0.975
2018-01-26,0.582,0.963
2018-01-29,0.581,0.959
2018-01-30,0.6,0.968
2018-01-31,0.59,0.959
2018-02-01,0.6,0.959
2018-02-02,0.592,0.959
2018-02-05,0.591,0.959
2018-02-06,0.587,0.95
2018-02-07,0.587,0.95
2018-02-08,0.596,0.955
2018-02-09,0.586,0.949
2018-02-13,0.577,0.94
2018-02-14,0.567,0.93
2018-02-15,0.567,0.934
2018-02-16,0.568,0.934
2018-02-19,0.568,0.93
2018-02-20,0.573,0.931
2018-02-21,0.569,0.921
2018-02-22,0.559,0.911
2018-02-23,0.554,0.901
2018-02-26,0.559,0.901
2018-02-27,0.555,0.901
2018-02-28,0.551,0.901
2018-03-01,0.551,0.896
2018-03-02,0.565,0.91
2018-03-05,0.541,0.892
2018-03-06,0.546,0.892
2018-03-07,0.542,0.887
2018-03-08,0.547,0.897
2018-03-09,0.547,0.907
2018-03-12,0.542,0.907
2018-03-13,0.547,0.907
2018-03-14,0.542,0.907
2018-03-15,0.538,0.911
2018-03-16,0.533,0.911
2018-03-19,0.529,0.911
2018-03-20,0.534,0.911
2018-03-22,0.529,0.911
2018-03-23,0.515,0.905
2018-03-26,0.515,0.906
2018-03-27,0.52,0.897
2018-03-28,0.516,0.887
2018-03-29,0.521,0.892
2018-03-30,0.525,0.892
2018-04-02,0.526,0.893
2018-04-03,0.507,0.876
2018-04-04,0.502,0.868
2018-04-05,0.517,0.887
2018-04-06,0.522,0.893
2018-04-09,0.517,0.888
2018-04-10,0.513,0.883
2018-04-11,0.504,0.873
2018-04-12,0.507,0.863
2018-04-13,0.504,0.848
2018-04-16,0.508,0.854
2018-04-17,0.509,0.858
2018-04-18,0.503,0.849
2018-04-19,0.509,0.854
2018-04-20,0.533,0.878
2018-04-23,0.533,0.888
2018-04-24,0.533,0.888
2018-04-25,0.538,0.884
2018-04-26,0.543,0.888
2018-04-27,0.533,0.884
2018-05-01,0.515,0.86
2018-05-02,0.52,0.87
2018-05-07,0.52,0.878
2018-05-08,0.529,0.893
2018-05-09,0.525,0.888
2018-05-10,0.525,0.893
2018-05-11,0.525,0.893
2018-05-14,0.53,0.898
2018-05-15,0.535,0.907
2018-05-16,0.54,0.912
2018-05-17,0.545,0.925
2018-05-18,0.545,0.918
2018-05-21,0.541,0.913
2018-05-22,0.536,0.913
2018-05-23,0.526,0.905
2018-05-24,0.526,0.9
2018-05-25,0.522,0.898
2018-05-28,0.52,0.895
2018-05-29,0.513,0.859
2018-05-30,0.503,0.846
2018-05-31,0.513,0.855
2018-06-01,0.517,0.859
2018-06-04,0.527,0.868
2018-06-05,0.522,0.864
2018-06-06,0.528,0.872
2018-06-07,0.523,0.864
2018-06-08,0.518,0.855
2018-06-11,0.523,0.864
2018-06-12,0.528,0.868
2018-06-13,0.528,0.868
2018-06-14,0.518,0.868
2018-06-15,0.509,0.86
2018-06-18,0.509,0.86
2018-06-19,0.505,0.851
2018-06-20,0.509,0.856
2018-06-21,0.508,0.86
2018-06-22,0.504,0.856
2018-06-25,0.508,0.856
2018-06-26,0.513,0.86
2018-06-27,0.514,0.86
2018-06-28,0.505,0.856
2018-06-29,0.505,0.852
2018-07-02,0.5,0.847
2018-07-03,0.5,0.843
2018-07-04,0.495,0.834
2018-07-05,0.485,0.815
2018-07-06,0.486,0.809
2018-07-09,0.481,0.799
2018-07-10,0.487,0.808
2018-07-11,0.492,0.813
2018-07-12,0.488,0.804
2018-07-13,0.488,0.804
2018-07-17,0.483,0.795
2018-07-18,0.488,0.8
2018-07-19,0.484,0.804
2018-07-20,0.479,0.809
2018-07-23,0.559,0.899
2018-07-24,0.589,0.925
2018-07-25,0.561,0.905
2018-07-26,0.581,0.927
2018-07-27,0.586,0.931
2018-07-30,0.6,0.948
2018-07-31,0.533,0.864
2018-08-01,0.596,0.915
2018-08-02,0.61,0.94
2018-08-03,0.618,0.957
2018-08-06,0.613,0.957
2018-08-07,0.614,0.961
2018-08-08,0.623,0.974
2018-08-09,0.619,0.968
2018-08-10,0.609,0.961
2018-08-13,0.598,0.953
2018-08-14,0.609,0.966
2018-08-15,0.609,0.967
2018-08-16,0.616,0.972
2018-08-17,0.615,0.972
2018-08-20,0.615,0.972
2018-08-21,0.601,0.956
2018-08-22,0.612,0.967
2018-08-23,0.612,0.962
2018-08-24,0.61,0.958
2018-08-27,0.603,0.949
2018-08-28,0.609,0.954
2018-08-29,0.609,0.958
2018-08-30,0.625,0.97
2018-08-31,0.62,0.966
2018-09-03,0.625,0.97
2018-09-04,0.626,0.974
2018-09-05,0.617,0.962
2018-09-06,0.613,0.958
2018-09-07,0.613,0.958
2018-09-10,0.619,0.962
2018-09-11,0.612,0.95
2018-09-12,0.614,0.95
2018-09-13,0.614,0.954
2018-09-14,0.615,0.954
2018-09-18,0.62,0.963
2018-09-19,0.624,0.967
2018-09-20,0.624,0.971
2018-09-21,0.646,1.012
2018-09-25,0.656,1.033
2018-09-26,0.652,1.033
2018-09-27,0.641,1.016
2018-09-28,0.656,1.033
2018-10-01,0.662,1.049
2018-10-02,0.659,1.045
2018-10-03,0.659,1.041
2018-10-04,0.69,1.069
2018-10-05,0.675,1.064
2018-10-09,0.685,1.067
2018-10-10,0.68,1.062
2018-10-11,0.668,1.046
2018-10-12,0.673,1.051
2018-10-15,0.672,1.054
2018-10-16,0.677,1.054
2018-10-17,0.674,1.05
2018-10-18,0.684,1.049
2018-10-19,0.684,1.046
2018-10-22,0.691,1.05
2018-10-23,0.685,1.046
2018-10-24,0.666,1.03
2018-10-25,0.642,0.997
2018-10-26,0.638,0.997
2018-10-29,0.634,0.993
2018-10-30,0.643,0.997
2018-10-31,0.653,1.006
2018-11-01,0.656,1.006
2018-11-02,0.662,1.006
2018-11-05,0.666,1.01
2018-11-06,0.668,1.014
2018-11-07,0.668,1.018
2018-11-08,0.672,1.022
2018-11-09,0.669,1.018
2018-11-12,0.665,1.014
2018-11-13,0.655,1.005
2018-11-14,0.646,0.998
2018-11-15,0.641,0.998
2018-11-16,0.641,0.995
2018-11-19,0.621,0.978
2018-11-20,0.631,0.986
2018-11-21,0.619,0.969
2018-11-22,0.617,0.957
2018-11-26,0.608,0.953
2018-11-27,0.607,0.941
2018-11-28,0.622,0.957
2018-11-29,0.603,0.952
2018-11-30,0.6,0.953
2018-12-03,0.598,0.953
2018-12-04,0.574,0.928
2018-12-05,0.583,0.936
2018-12-06,0.579,0.932
2018-12-07,0.594,0.949
2018-12-10,0.575,0.937
2018-12-11,0.571,0.937
2018-12-12,0.575,0.937
2018-12-13,0.579,0.937
2018-12-14,0.564,0.918
2018-12-17,0.559,0.908
2018-12-18,0.55,0.895
2018-12-19,0.555,0.891
2018-12-20,0.531,0.853
2018-12-21,0.55,0.869
2018-12-25,0.522,0.84
2018-12-26,0.526,0.848
2018-12-27,0.532,0.861
2018-12-28,0.507,0.845
2019-01-04,0.463,0.792
2019-01-07,0.49,0.814
2019-01-08,0.5,0.818
2019-01-09,0.519,0.827
2019-01-10,0.505,0.812
2019-01-11,0.488,0.798
2019-01-15,0.486,0.798
2019-01-16,0.48,0.798
2019-01-17,0.48,0.801
2019-01-18,0.486,0.798
2019-01-21,0.48,0.798
2019-01-22,0.475,0.784
2019-01-23,0.469,0.776
2019-01-24,0.47,0.763
2019-01-25,0.46,0.758
2019-01-28,0.46,0.754
2019-01-29,0.46,0.754
2019-01-30,0.461,0.758
2019-01-31,0.453,0.75
2019-02-01,0.417,0.705
2019-02-04,0.423,0.71
2019-02-05,0.422,0.701
2019-02-06,0.422,0.701
2019-02-07,0.437,0.71
2019-02-08,0.413,0.674
2019-02-12,0.431,0.696
2019-02-13,0.443,0.71
2019-02-14,0.438,0.71
2019-02-15,0.42,0.687
2019-02-18,0.422,0.688
2019-02-19,0.418,0.683
2019-02-20,0.413,0.678
2019-02-21,0.408,0.66
2019-02-22,0.406,0.669
2019-02-25,0.413,0.674
2019-02-26,0.428,0.694
2019-02-27,0.429,0.701
2019-02-28,0.428,0.697
2019-03-01,0.439,0.719
2019-03-04,0.454,0.737
2019-03-05,0.459,0.737
2019-03-06,0.448,0.724
2019-03-07,0.435,0.71
2019-03-08,0.405,0.674
2019-03-11,0.405,0.675
2019-03-12,0.415,0.679
2019-03-13,0.401,0.656
2019-03-14,0.402,0.652
2019-03-15,0.407,0.656
2019-03-18,0.407,0.661
2019-03-19,0.393,0.638
2019-03-20,0.403,0.651
2019-03-22,0.363,0.61
2019-03-25,0.348,0.592
2019-03-26,0.374,0.624
2019-03-27,0.374,0.62
2019-03-28,0.339,0.578
2019-03-29,0.344,0.582
2019-04-01,0.359,0.601
2019-04-02,0.368,0.591
2019-04-03,0.369,0.578
2019-04-04,0.374,0.578
2019-04-05,0.385,0.592
2019-04-08,0.365,0.583
2019-04-09,0.371,0.587
2019-04-10,0.361,0.573
2019-04-11,0.355,0.553
2019-04-12,0.365,0.555
2019-04-15,0.385,0.581
2019-04-16,0.378,0.583
2019-04-17,0.398,0.618
2019-04-18,0.383,0.606
2019-04-19,0.393,0.643
2019-04-22,0.393,0.639
2019-04-23,0.384,0.629
2019-04-24,0.374,0.62
2019-04-25,0.389,0.643
2019-04-26,0.374,0.625
2019-05-07,0.365,0.607
2019-05-08,0.36,0.592
2019-05-09,0.365,0.589
2019-05-10,0.37,0.588
2019-05-13,0.375,0.592
2019-05-14,0.365,0.588
2019-05-15,0.365,0.588
2019-05-16,0.35,0.567
2019-05-17,0.356,0.582
2019-05-20,0.371,0.601
2019-05-21,0.366,0.593
2019-05-22,0.351,0.574
2019-05-23,0.343,0.571
2019-05-24,0.336,0.56
2019-05-27,0.338,0.565
2019-05-28,0.327,0.542
2019-05-29,0.307,0.518
2019-05-30,0.318,0.528
2019-05-31,0.298,0.503
2019-06-03,0.308,0.513
2019-06-04,0.293,0.492
2019-06-05,0.268,0.465
2019-06-06,0.268,0.456
2019-06-07,0.268,0.444
2019-06-10,0.243,0.395
2019-06-11,0.253,0.394
2019-06-12,0.252,0.385
2019-06-13,0.263,0.405
2019-06-14,0.248,0.412
2019-06-17,0.244,0.413
2019-06-18,0.238,0.404
2019-06-19,0.226,0.379
2019-06-20,0.182,0.336
2019-06-21,0.203,0.367
2019-06-24,0.224,0.398
2019-06-25,0.224,0.398
2019-06-26,0.243,0.416
2019-06-27,0.254,0.44
2019-06-28,0.229,0.413
2019-07-01,0.244,0.432
2019-07-02,0.249,0.432
2019-07-03,0.225,0.395
2019-07-04,0.215,0.379
2019-07-05,0.205,0.367
2019-07-08,0.221,0.384
2019-07-09,0.216,0.374
2019-07-10,0.241,0.398
2019-07-11,0.23,0.389
2019-07-12,0.256,0.416
2019-07-16,0.251,0.412
2019-07-17,0.24,0.407
2019-07-18,0.228,0.402
2019-07-19,0.234,0.412
2019-07-22,0.234,0.416
2019-07-23,0.224,0.416
2019-07-24,0.221,0.409
2019-07-25,0.214,0.4
2019-07-26,0.214,0.405
2019-07-29,0.223,0.419
2019-07-30,0.215,0.409
2019-07-31,0.204,0.4
2019-08-01,0.224,0.411
2019-08-02,0.185,0.37
2019-08-05,0.152,0.329
2019-08-06,0.171,0.351
2019-08-07,0.145,0.323
2019-08-08,0.135,0.309
2019-08-09,0.099,0.258
2019-08-13,0.074,0.22
2019-08-14,0.095,0.236
2019-08-15,0.07,0.186
2019-08-16,0.085,0.216
2019-08-19,0.101,0.241
2019-08-20,0.096,0.231
2019-08-21,0.086,0.216
2019-08-22,0.091,0.226
2019-08-23,0.104,0.241
2019-08-26,0.06,0.191
2019-08-27,0.07,0.191
2019-08-28,0.069,0.189
2019-08-29,0.049,0.161
2019-08-30,0.05,0.166
2019-09-02,0.06,0.171
2019-09-03,0.039,0.141
2019-09-04,0.034,0.131
2019-09-05,0.059,0.155
2019-09-06,0.107,0.237
2019-09-09,0.107,0.258
2019-09-10,0.153,0.316
2019-09-11,0.163,0.325
2019-09-12,0.161,0.33
2019-09-13,0.206,0.377
2019-09-17,0.216,0.389
2019-09-18,0.196,0.371
2019-09-19,0.172,0.36
2019-09-20,0.193,0.403
2019-09-24,0.188,0.403
2019-09-25,0.185,0.429
2019-09-26,0.179,0.406
2019-09-27,0.175,0.389
2019-09-30,0.204,0.429
2019-10-01,0.253,0.485
2019-10-02,0.233,0.467
2019-10-03,0.197,0.42
2019-10-04,0.187,0.415
2019-10-07,0.183,0.422
2019-10-08,0.208,0.438
2019-10-09,0.208,0.443
2019-10-10,0.198,0.413
2019-10-11,0.218,0.437
2019-10-15,0.219,0.437
2019-10-16,0.224,0.439
2019-10-17,0.229,0.439
2019-10-18,0.239,0.452
2019-10-21,0.259,0.461
2019-10-23,0.26,0.452
2019-10-24,0.244,0.428
2019-10-25,0.249,0.426
2019-10-28,0.254,0.429
2019-10-29,0.274,0.455
2019-10-30,0.254,0.448
2019-10-31,0.229,0.427
2019-11-01,0.194,0.379
2019-11-05,0.23,0.404
2019-11-06,0.264,0.426
2019-11-07,0.268,0.434
2019-11-08,0.299,0.474
2019-11-11,0.297,0.484
2019-11-12,0.322,0.508
2019-11-13,0.316,0.501
2019-11-14,0.297,0.48
2019-11-15,0.302,0.487
2019-11-18,0.287,0.48
2019-11-19,0.283,0.466
2019-11-20,0.259,0.452
2019-11-21,0.245,0.427
2019-11-22,0.278,0.46
2019-11-25,0.279,0.474
2019-11-26,0.259,0.448
2019-11-27,0.235,0.422
2019-11-28,0.254,0.444
2019-11-29,0.255,0.453
2019-12-02,0.277,0.465
2019-12-03,0.295,0.477
2019-12-04,0.275,0.466
2019-12-05,0.27,0.448
2019-12-06,0.293,0.466
2019-12-09,0.298,0.471
2019-12-10,0.283,0.449
2019-12-11,0.297,0.462
2019-12-12,0.294,0.458
2019-12-13,0.293,0.453
2019-12-16,0.283,0.435
2019-12-17,0.286,0.427
2019-12-18,0.287,0.434
2019-12-19,0.293,0.435
2019-12-20,0.312,0.466
2019-12-23,0.313,0.467
2019-12-24,0.317,0.476
2019-12-25,0.293,0.453
2019-12-26,0.298,0.46
2019-12-27,0.293,0.449
2019-12-30,0.279,0.436
2020-01-06,0.27,0.426
2020-01-07,0.295,0.458
2020-01-08,0.28,0.449
2020-01-09,0.29,0.471
2020-01-10,0.296,0.48
2020-01-14,0.31,0.485
2020-01-15,0.309,0.486
2020-01-16,0.315,0.489
2020-01-17,0.308,0.489
2020-01-20,0.321,0.502
2020-01-21,0.292,0.476
2020-01-22,0.297,0.475
2020-01-23,0.272,0.449
2020-01-24,0.267,0.444
2020-01-27,0.238,0.405
2020-01-28,0.243,0.409
2020-01-29,0.238,0.4
2020-01-30,0.228,0.386
2020-01-31,0.233,0.395
2020-02-03,0.243,0.414
2020-02-04,0.253,0.422
2020-02-05,0.268,0.445
2020-02-06,0.277,0.449
2020-02-07,0.253,0.422
2020-02-10,0.233,0.4
2020-02-12,0.248,0.408
2020-02-13,0.258,0.418
2020-02-14,0.258,0.418
2020-02-17,0.243,0.4
2020-02-18,0.228,0.382
2020-02-19,0.238,0.395
2020-02-20,0.238,0.386
2020-02-21,0.224,0.372
2020-02-25,0.209,0.363
2020-02-26,0.22,0.373
2020-02-27,0.215,0.377
2020-02-28,0.157,0.315
2020-03-02,0.156,0.309
2020-03-03,0.191,0.35
2020-03-04,0.178,0.34
2020-03-05,0.216,0.375
2020-03-06,0.185,0.34
2020-03-09,0.149,0.286
2020-03-10,0.22,0.323
2020-03-11,0.215,0.312
2020-03-12,0.245,0.316
2020-03-13,0.29,0.318
2020-03-16,0.294,0.335
2020-03-17,0.278,0.355
2020-03-18,0.302,0.408
2020-03-19,0.332,0.44
2020-03-23,0.318,0.443
2020-03-24,0.313,0.445
2020-03-25,0.3,0.441
2020-03-26,0.298,0.452
2020-03-27,0.298,0.45
2020-03-30,0.293,0.423
2020-03-31,0.314,0.438
2020-04-01,0.294,0.433
2020-04-02,0.272,0.41
2020-04-03,0.278,0.409
2020-04-06,0.298,0.427
2020-04-07,0.313,0.457
2020-04-08,0.318,0.454
2020-04-09,0.333,0.47
2020-04-10,0.324,0.463
2020-04-13,0.33,0.467
2020-04-14,0.343,0.476
2020-04-15,0.347,0.481
2020-04-16,0.342,0.48
2020-04-17,0.361,0.509
2020-04-20,0.356,0.49
2020-04-21,0.343,0.486
2020-04-22,0.317,0.455
2020-04-23,0.308,0.428
2020-04-24,0.307,0.432
2020-04-27,0.314,0.444
2020-04-28,0.294,0.433
2020-04-30,0.304,0.441
2020-05-01,0.314,0.445
2020-05-07,0.334,0.462
2020-05-08,0.339,0.467
2020-05-11,0.344,0.48
2020-05-12,0.329,0.467
2020-05-13,0.334,0.472
2020-05-14,0.334,0.471
2020-05-15,0.347,0.494
2020-05-18,0.345,0.49
2020-05-19,0.35,0.494
2020-05-20,0.335,0.481
2020-05-21,0.319,0.462
2020-05-22,0.32,0.465
2020-05-25,0.345,0.49
2020-05-26,0.345,0.506
2020-05-27,0.333,0.499
2020-05-28,0.335,0.511
2020-05-29,0.354,0.529
2020-06-01,0.355,0.547
2020-06-02,0.36,0.551
2020-06-03,0.366,0.547
2020-06-04,0.386,0.569
2020-06-05,0.4,0.583
2020-06-08,0.406,0.587
2020-06-09,0.382,0.553
2020-06-10,0.377,0.551
2020-06-11,0.361,0.533
2020-06-12,0.376,0.547
2020-06-15,0.367,0.533
2020-06-16,0.392,0.551
2020-06-17,0.396,0.562
2020-06-18,0.396,0.574
2020-06-19,0.397,0.583
2020-06-22,0.392,0.583
2020-06-23,0.397,0.592
2020-06-24,0.397,0.606
2020-06-25,0.396,0.604
2020-06-26,0.398,0.604
2020-06-29,0.402,0.605
2020-06-30,0.417,0.618
2020-07-01,0.443,0.649
2020-07-02,0.448,0.663
2020-07-03,0.425,0.642
2020-07-06,0.447,0.646
2020-07-07,0.441,0.631
2020-07-08,0.403,0.586
2020-07-09,0.399,0.571
2020-07-10,0.403,0.585
2020-07-13,0.433,0.616
2020-07-14,0.428,0.616
2020-07-15,0.438,0.631
2020-07-16,0.428,0.622
2020-07-17,0.413,0.609
2020-07-20,0.425,0.619
2020-07-21,0.412,0.597
2020-07-22,0.407,0.591
2020-07-27,0.412,0.586
2020-07-28,0.407,0.577
2020-07-29,0.389,0.551
2020-07-30,0.393,0.559
2020-07-31,0.383,0.541
2020-08-03,0.398,0.564
2020-08-04,0.393,0.569
2020-08-05,0.383,0.559
2020-08-06,0.384,0.569
2020-08-07,0.384,0.566
2020-08-11,0.399,0.586
2020-08-12,0.419,0.608
2020-08-13,0.418,0.604
2020-08-14,0.437,0.631
2020-08-17,0.433,0.626
2020-08-18,0.428,0.626
2020-08-19,0.418,0.617
2020-08-20,0.428,0.617
2020-08-21,0.433,0.631
2020-08-24,0.414,0.613
2020-08-25,0.409,0.599
2020-08-26,0.419,0.613
2020-08-27,0.419,0.609
2020-08-28,0.439,0.631
2020-08-31,0.425,0.617
2020-09-01,0.425,0.622
2020-09-02,0.425,0.626
2020-09-03,0.419,0.613
2020-09-04,0.425,0.617
2020-09-07,0.433,0.631
2020-09-08,0.418,0.617
2020-09-09,0.408,0.608
2020-09-10,0.414,0.608
2020-09-11,0.398,0.586
2020-09-14,0.398,0.586
2020-09-15,0.393,0.591
2020-09-16,0.399,0.6
2020-09-17,0.394,0.604
2020-09-18,0.396,0.604
2020-09-23,0.397,0.604
2020-09-24,0.397,0.609
2020-09-25,0.398,0.622
2020-09-28,0.413,0.643
2020-09-29,0.408,0.634
2020-09-30,0.403,0.62
2020-10-01,0.408,0.629
2020-10-02,0.398,0.624
2020-10-05,0.408,0.634
2020-10-06,0.419,0.651
2020-10-07,0.414,0.642
2020-10-08,0.409,0.635
2020-10-09,0.409,0.644
2020-10-12,0.416,0.648
2020-10-13,0.415,0.658
2020-10-14,0.421,0.653
2020-10-15,0.416,0.644
2020-10-16,0.411,0.631
2020-10-19,0.409,0.631
2020-10-20,0.397,0.617
2020-10-21,0.407,0.635
2020-10-22,0.407,0.64
2020-10-23,0.412,0.653
2020-10-26,0.408,0.653
2020-10-27,0.408,0.644
2020-10-28,0.408,0.644
2020-10-29,0.407,0.64
2020-10-30,0.417,0.656
2020-11-02,0.413,0.653
2020-11-04,0.408,0.657
2020-11-05,0.384,0.626
2020-11-06,0.394,0.644
2020-11-09,0.389,0.644
2020-11-10,0.409,0.661
2020-11-11,0.409,0.67
2020-11-12,0.409,0.67
2020-11-13,0.41,0.674
2020-11-16,0.41,0.677
2020-11-17,0.405,0.666
2020-11-18,0.39,0.648
2020-11-19,0.386,0.653
2020-11-20,0.38,0.644
2020-11-24,0.391,0.657
2020-11-25,0.389,0.666
2020-11-26,0.394,0.675
2020-11-27,0.401,0.678
2020-11-30,0.401,0.674
2020-12-01,0.397,0.675
2020-12-02,0.397,0.674
2020-12-03,0.392,0.67
2020-12-04,0.398,0.679
2020-12-07,0.393,0.674
2020-12-08,0.383,0.661
2020-12-09,0.382,0.648
2020-12-10,0.382,0.635
2020-12-11,0.382,0.638
2020-12-14,0.393,0.656
2020-12-15,0.388,0.655
2020-12-16,0.393,0.661
2020-12-17,0.387,0.658
2020-12-18,0.387,0.654
2020-12-21,0.392,0.662
2020-12-22,0.386,0.653
2020-12-23,0.382,0.635
2020-12-24,0.391,0.644
2020-12-25,0.4,0.653
2020-12-28,0.4,0.658
2020-12-29,0.405,0.666
2020-12-30,0.402,0.666
2021-01-04,0.408,0.671
2021-01-05,0.398,0.662
2021-01-06,0.403,0.671
2021-01-07,0.413,0.671
2021-01-08,0.423,0.662
2021-01-12,0.424,0.662
2021-01-13,0.414,0.645
2021-01-14,0.42,0.661
2021-01-15,0.425,0.67
2021-01-18,0.448,0.679
2021-01-19,0.45,0.674
2021-01-20,0.45,0.682
2021-01-21,0.435,0.666
2021-01-22,0.45,0.674
2021-01-25,0.45,0.679
2021-01-26,0.435,0.677
2021-01-27,0.445,0.679
2021-01-28,0.445,0.67
2021-01-29,0.459,0.683
2021-02-01,0.47,0.688
2021-02-02,0.474,0.688
2021-02-03,0.465,0.683
2021-02-04,0.455,0.678
2021-02-05,0.45,0.674
2021-02-08,0.46,0.686
2021-02-09,0.465,0.692
2021-02-10,0.471,0.687
2021-02-12,0.466,0.687
2021-02-15,0.481,0.692
2021-02-16,0.48,0.692
2021-02-17,0.495,0.701
2021-02-18,0.489,0.692
2021-02-19,0.499,0.696
2021-02-22,0.522,0.717
2021-02-24,0.532,0.73
2021-02-25,0.552,0.764
2021-02-26,0.557,0.776
2021-03-01,0.533,0.752
2021-03-02,0.509,0.73
2021-03-03,0.49,0.7
2021-03-04,0.52,0.726
2021-03-05,0.476,0.692
2021-03-08,0.492,0.701
2021-03-09,0.515,0.717
2021-03-10,0.514,0.709
2021-03-11,0.486,0.675
2021-03-12,0.496,0.679
2021-03-15,0.496,0.692
2021-03-16,0.486,0.683
2021-03-17,0.486,0.679
2021-03-18,0.491,0.679
2021-03-19,0.511,0.688
2021-03-22,0.467,0.657
2021-03-23,0.453,0.653
2021-03-24,0.446,0.662
2021-03-25,0.462,0.656
2021-03-26,0.463,0.67
2021-03-29,0.454,0.652
2021-03-30,0.464,0.666
2021-03-31,0.483,0.688
2021-04-01,0.503,0.716
2021-04-02,0.498,0.718
2021-04-05,0.498,0.722
2021-04-06,0.483,0.705
2021-04-07,0.463,0.679
2021-04-08,0.472,0.696
2021-04-09,0.477,0.696
2021-04-12,0.488,0.692
2021-04-13,0.477,0.685
2021-04-14,0.462,0.669
2021-04-15,0.462,0.67
2021-04-16,0.458,0.67
2021-04-19,0.453,0.67
2021-04-20,0.444,0.658
2021-04-21,0.434,0.649
2021-04-22,0.434,0.653
2021-04-23,0.434,0.657
2021-04-26,0.439,0.666
2021-04-27,0.449,0.661
2021-04-28,0.459,0.675
2021-04-30,0.459,0.679
2021-05-06,0.454,0.679
2021-05-07,0.454,0.679
2021-05-10,0.45,0.671
2021-05-11,0.44,0.666
2021-05-12,0.44,0.663
2021-05-13,0.464,0.692
2021-05-14,0.446,0.679
2021-05-17,0.445,0.678
2021-05-18,0.446,0.686
2021-05-19,0.445,0.688
2021-05-20,0.451,0.697
2021-05-21,0.456,0.705
2021-05-24,0.452,0.705
2021-05-25,0.447,0.705
2021-05-26,0.447,0.705
2021-05-27,0.446,0.711
2021-05-28,0.457,0.711
2021-05-31,0.453,0.711
2021-06-01,0.453,0.72
2021-06-02,0.462,0.725
2021-06-03,0.463,0.72
2021-06-04,0.463,0.725
2021-06-07,0.463,0.725
2021-06-08,0.452,0.719
2021-06-09,0.439,0.71
2021-06-10,0.429,0.707
2021-06-11,0.419,0.705
2021-06-14,0.425,0.707
2021-06-15,0.44,0.72
2021-06-16,0.45,0.738
2021-06-17,0.456,0.743
2021-06-18,0.441,0.733
2021-06-21,0.435,0.738
2021-06-22,0.44,0.738
2021-06-23,0.436,0.73
2021-06-24,0.434,0.73
2021-06-25,0.438,0.743
2021-06-28,0.443,0.752
2021-06-29,0.447,0.752
2021-06-30,0.451,0.761
2021-07-01,0.437,0.748
2021-07-02,0.427,0.734
2021-07-05,0.422,0.739
2021-07-06,0.428,0.739
2021-07-07,0.422,0.739
2021-07-08,0.417,0.721
2021-07-09,0.426,0.734
2021-07-12,0.423,0.734
2021-07-13,0.407,0.739
2021-07-14,0.402,0.739
2021-07-15,0.382,0.717
2021-07-16,0.397,0.717
2021-07-19,0.397,0.721
2021-07-20,0.393,0.717
2021-07-21,0.402,0.734
2021-07-26,0.398,0.73
2021-07-27,0.403,0.739
2021-07-28,0.398,0.73
2021-07-29,0.394,0.722
2021-07-30,0.393,0.72
2021-08-02,0.393,0.727
2021-08-03,0.384,0.726
2021-08-04,0.379,0.723
2021-08-05,0.385,0.729
2021-08-06,0.394,0.728
2021-08-10,0.404,0.733
2021-08-11,0.415,0.737
2021-08-12,0.408,0.724
2021-08-13,0.409,0.733
2021-08-16,0.4,0.728
2021-08-17,0.398,0.724
2021-08-18,0.404,0.728
2021-08-19,0.405,0.724
2021-08-20,0.4,0.724
2021-08-23,0.405,0.728
2021-08-24,0.411,0.729
2021-08-25,0.411,0.728
2021-08-26,0.406,0.719
2021-08-27,0.412,0.724
2021-08-30,0.406,0.729
2021-08-31,0.406,0.733
2021-09-01,0.412,0.733
2021-09-02,0.41,0.724
2021-09-03,0.418,0.734
2021-09-06,0.425,0.738
2021-09-07,0.426,0.743
2021-09-08,0.436,0.747
2021-09-09,0.43,0.738
2021-09-10,0.431,0.734
2021-09-13,0.431,0.729
2021-09-14,0.425,0.725
2021-09-15,0.42,0.725
2021-09-16,0.426,0.725
2021-09-17,0.436,0.729
2021-09-21,0.431,0.734
2021-09-22,0.431,0.734
2021-09-24,0.446,0.752
2021-09-27,0.456,0.762
2021-09-28,0.467,0.775
2021-09-29,0.457,0.76
2021-09-30,0.452,0.753
2021-10-01,0.433,0.743
2021-10-04,0.433,0.753
2021-10-05,0.442,0.762
2021-10-06,0.456,0.766
2021-10-07,0.451,0.766
2021-10-08,0.465,0.775
2021-10-11,0.474,0.78
2021-10-12,0.476,0.771
2021-10-13,0.47,0.765
2021-10-14,0.462,0.758
2021-10-15,0.468,0.758
2021-10-18,0.478,0.767
2021-10-19,0.474,0.762
2021-10-20,0.484,0.759
2021-10-21,0.479,0.755
2021-10-22,0.488,0.764
2021-10-25,0.493,0.764
2021-10-26,0.494,0.751
2021-10-27,0.494,0.738
2021-10-28,0.474,0.731
2021-10-29,0.474,0.71
2021-11-01,0.474,0.71
2021-11-02,0.469,0.724
2021-11-04,0.459,0.728
2021-11-05,0.445,0.727
2021-11-08,0.45,0.724
2021-11-09,0.46,0.728
2021-11-10,0.455,0.71
2021-11-11,0.461,0.719
2021-11-12,0.47,0.719
2021-11-15,0.465,0.724
2021-11-16,0.47,0.726
2021-11-17,0.475,0.733
2021-11-18,0.471,0.738
2021-11-19,0.465,0.729
2021-11-22,0.466,0.738
2021-11-24,0.481,0.744
2021-11-25,0.481,0.737
2021-11-26,0.471,0.728
2021-11-29,0.477,0.737
2021-11-30,0.457,0.728
2021-12-01,0.463,0.728
2021-12-02,0.463,0.732
2021-12-03,0.458,0.714
2021-12-06,0.453,0.709
2021-12-07,0.468,0.714
2021-12-08,0.463,0.718
2021-12-09,0.458,0.726
2021-12-10,0.463,0.722
2021-12-13,0.458,0.717
2021-12-14,0.459,0.718
2021-12-15,0.459,0.718
2021-12-16,0.448,0.709
2021-12-17,0.453,0.709
2021-12-20,0.447,0.709
2021-12-21,0.457,0.723
2021-12-22,0.468,0.723
2021-12-23,0.473,0.732
2021-12-24,0.477,0.737
2021-12-27,0.472,0.74
2021-12-28,0.477,0.749
2021-12-29,0.472,0.75
2021-12-30,0.48,0.759
2022-01-04,0.492,0.759
2022-01-05,0.493,0.764
2022-01-06,0.511,0.773
2022-01-07,0.525,0.768
2022-01-11,0.535,0.769
2022-01-12,0.51,0.759
2022-01-13,0.509,0.759
2022-01-14,0.535,0.769
2022-01-17,0.53,0.756
2022-01-18,0.53,0.76
2022-01-19,0.526,0.761
2022-01-20,0.535,0.77
2022-01-21,0.525,0.765
2022-01-24,0.526,0.77
2022-01-25,0.526,0.774
2022-01-26,0.521,0.779
2022-01-27,0.544,0.788
2022-01-28,0.55,0.81
2022-01-31,0.56,0.824
2022-02-01,0.574,0.833
2022-02-02,0.578,0.842
2022-02-03,0.574,0.825
2022-02-04,0.597,0.843
2022-02-07,0.613,0.869
2022-02-08,0.636,0.896
2022-02-09,0.622,0.865
2022-02-10,0.65,0.904
2022-02-14,0.663,0.918
2022-02-15,0.677,0.927
2022-02-16,0.693,0.945
2022-02-17,0.725,0.989
2022-02-18,0.689,0.946
2022-02-21,0.661,0.911
2022-02-22,0.64,0.884
2022-02-24,0.646,0.898
2022-02-25,0.678,0.934
2022-02-28,0.649,0.906
2022-03-01,0.655,0.915
2022-03-02,0.613,0.88
2022-03-03,0.632,0.88
2022-03-04,0.617,0.863
2022-03-07,0.608,0.851
2022-03-08,0.638,0.894
2022-03-09,0.633,0.885
2022-03-10,0.656,0.889
2022-03-11,0.656,0.889
2022-03-14,0.66,0.872
2022-03-15,0.689,0.908
2022-03-16,0.675,0.898
2022-03-17,0.666,0.897
2022-03-18,0.671,0.894
2022-03-22,0.691,0.918
2022-03-23,0.703,0.936
2022-03-24,0.708,0.933
2022-03-25,0.728,0.961
2022-03-28,0.774,1.011
2022-03-29,0.801,1.083
2022-03-30,0.757,1.021
2022-03-31,0.697,0.946
2022-04-01,0.701,0.963
2022-04-04,0.706,0.972
2022-04-05,0.716,0.989
2022-04-06,0.761,1.047
2022-04-07,0.758,1.052
2022-04-08,0.738,1.036
2022-04-11,0.764,1.057
2022-04-12,0.773,1.053
2022-04-13,0.757,1.029
2022-04-14,0.741,0.994
2022-04-15,0.731,0.984
2022-04-18,0.746,1.01
2022-04-19,0.754,1.019
2022-04-20,0.78,1.028
2022-04-21,0.78,1.028
2022-04-22,0.798,1.053
2022-04-25,0.776,1.049
2022-04-26,0.767,1.036
2022-04-27,0.762,1.028
2022-04-28,0.748,1.02
2022-05-02,0.758,1.036
2022-05-06,0.777,1.058
2022-05-09,0.791,1.075
2022-05-10,0.781,1.079
2022-05-11,0.777,1.079
2022-05-12,0.767,1.075
2022-05-13,0.753,1.061
2022-05-16,0.758,1.07
2022-05-17,0.772,1.087
2022-05-18,0.777,1.087
2022-05-19,0.768,1.075
2022-05-20,0.744,1.062
2022-05-23,0.734,1.062
2022-05-24,0.73,1.045
2022-05-25,0.712,1.033
2022-05-26,0.76,1.078
2022-05-27,0.741,1.061
2022-05-30,0.752,1.07
2022-05-31,0.766,1.092
2022-06-01,0.766,1.11
2022-06-02,0.779,1.122
2022-06-03,0.756,1.101
2022-06-06,0.766,1.106
2022-06-07,0.781,1.123
2022-06-08,0.775,1.127
2022-06-09,0.785,1.144
2022-06-10,0.798,1.153
2022-06-13,0.862,1.241
2022-06-14,0.875,1.237
2022-06-15,0.93,1.286
2022-06-16,0.872,1.225
2022-06-17,0.886,1.225
2022-06-20,0.916,1.254
2022-06-21,0.918,1.282
2022-06-22,0.922,1.291
2022-06-23,0.901,1.275
2022-06-24,0.897,1.284
2022-06-27,0.922,1.32
2022-06-28,0.929,1.337
2022-06-29,0.911,1.325
2022-06-30,0.891,1.294
2022-07-01,0.873,1.29
2022-07-04,0.885,1.315
2022-07-05,0.904,1.351
2022-07-06,0.898,1.339
2022-07-07,0.903,1.339
2022-07-08,0.928,1.351
2022-07-11,0.949,1.384
2022-07-12,0.945,1.412
2022-07-13,0.915,1.381
2022-07-14,0.898,1.36
2022-07-15,0.875,1.32
2022-07-19,0.907,1.381
2022-07-20,0.917,1.394
2022-07-21,0.903,1.387
2022-07-22,0.866,1.373
2022-07-25,0.857,1.363
2022-07-26,0.844,1.307
2022-07-27,0.829,1.287
2022-07-28,0.863,1.326
2022-07-29,0.847,1.304
2022-08-01,0.868,1.336
2022-08-02,0.83,1.293
2022-08-03,0.854,1.314
2022-08-04,0.835,1.29
2022-08-05,0.811,1.261
2022-08-08,0.812,1.257
2022-08-09,0.797,1.22
2022-08-10,0.797,1.209
2022-08-12,0.792,1.195
2022-08-15,0.798,1.216
2022-08-16,0.773,1.187
2022-08-17,0.768,1.174
2022-08-18,0.789,1.204
2022-08-19,0.779,1.179
2022-08-22,0.827,1.23
2022-08-23,0.84,1.255
2022-08-24,0.842,1.251
2022-08-25,0.861,1.256
2022-08-26,0.847,1.247
2022-08-29,0.885,1.289
2022-08-30,0.881,1.298
2022-08-31,0.862,1.285
2022-09-01,0.89,1.318
2022-09-02,0.914,1.364
2022-09-05,0.901,1.353
2022-09-06,0.915,1.362
2022-09-07,0.948,1.412
2022-09-08,0.948,1.404
2022-09-09,0.957,1.417
2022-09-12,0.934,1.393
2022-09-13,0.882,1.34
2022-09-14,0.863,1.299
2022-09-15,0.934,1.35
2022-09-16,0.958,1.381
2022-09-20,0.968,1.406
2022-09-21,0.972,1.41
2022-09-22,0.957,1.406
2022-09-26,0.995,1.474
2022-09-27,1.033,1.54
2022-09-28,1.047,1.587
2022-09-29,1.006,1.51
2022-09-30,1.01,1.497
2022-10-03,0.975,1.439
2022-10-04,0.957,1.43
2022-10-05,0.957,1.442
2022-10-06,0.965,1.462
2022-10-07,0.976,1.474
2022-10-11,1.035,1.545
2022-10-12,1.063,1.592
2022-10-13,1.071,1.584
2022-10-14,1.066,1.573
2022-10-17,1.104,1.615
2022-10-18,1.118,1.624
2022-10-19,1.123,1.62
2022-10-20,1.155,1.621
2022-10-21,1.191,1.676
2022-10-24,1.236,1.732
2022-10-25,1.191,1.669
2022-10-26,1.186,1.642
2022-10-27,1.114,1.587
2022-10-28,1.087,1.558
2022-10-31,1.059,1.531
2022-11-01,1.1,1.598
2022-11-02,1.119,1.632
2022-11-04,1.151,1.655
2022-11-07,1.165,1.678
2022-11-08,1.193,1.697
2022-11-09,1.129,1.622
2022-11-10,1.129,1.633
2022-11-11,1.06,1.564
2022-11-14,1.106,1.618
2022-11-15,1.079,1.584
2022-11-16,1.065,1.568
2022-11-17,1.042,1.534
2022-11-18,1.056,1.537
2022-11-21,1.075,1.571
2022-11-22,1.071,1.591
2022-11-24,1.072,1.597
2022-11-25,1.1,1.613
2022-11-28,1.109,1.618
2022-11-29,1.137,1.648
2022-11-30,1.133,1.649
2022-12-01,1.124,1.66
2022-12-02,1.104,1.645
2022-12-05,1.109,1.642
2022-12-06,1.122,1.632
2022-12-07,1.107,1.615
2022-12-08,1.093,1.584
2022-12-09,1.076,1.543
2022-12-12,1.103,1.564
2022-12-13,1.095,1.537
2022-12-14,1.075,1.525
2022-12-15,1.114,1.533
2022-12-16,1.142,1.592
2022-12-19,1.178,1.639
2022-12-20,1.222,1.683
2022-12-21,1.218,1.659
2022-12-22,1.204,1.65
2022-12-23,1.216,1.621
2022-12-26,1.221,1.629
2022-12-27,1.239,1.652
2022-12-28,1.265,1.682
2022-12-29,1.308,1.723
2022-12-30,1.29,1.742
2023-01-04,1.328,1.771
2023-01-05,1.295,1.752
2023-01-06,1.282,1.74
2023-01-10,1.326,1.779
2023-01-11,1.316,1.764
2023-01-12,1.38,1.802
2023-01-13,1.365,1.768
2023-01-16,1.344,1.714
2023-01-17,1.344,1.673
2023-01-18,1.33,1.662
2023-01-19,1.312,1.697
2023-01-20,1.294,1.712
2023-01-23,1.272,1.72
2023-01-24,1.281,1.701
2023-01-25,1.299,1.69
2023-01-26,1.313,1.671
2023-01-27,1.377,1.697
2023-01-30,1.386,1.725
2023-01-31,1.387,1.736
2023-02-01,1.35,1.702
2023-02-02,1.314,1.656
2023-02-03,1.296,1.656
2023-02-06,1.324,1.663
2023-02-07,1.329,1.69
2023-02-08,1.319,1.676
2023-02-09,1.324,1.672
2023-02-10,1.346,1.694
2023-02-13,1.314,1.641
2023-02-14,1.301,1.637
2023-02-15,1.292,1.612
2023-02-16,1.309,1.606
2023-02-17,1.324,1.613
2023-02-20,1.333,1.611
2023-02-21,1.328,1.61
2023-02-22,1.315,1.568
2023-02-24,1.293,1.564
2023-02-27,1.279,1.561
2023-02-28,1.209,1.473
2023-03-01,1.205,1.466
2023-03-02,1.232,1.502
2023-03-03,1.25,1.538
2023-03-06,1.251,1.531
2023-03-07,1.261,1.547
2023-03-08,1.272,1.583
2023-03-09,1.286,1.591
2023-03-10,1.229,1.542
2023-03-13,1.142,1.454
2023-03-14,1.023,1.327
2023-03-15,1.11,1.454
2023-03-16,1.076,1.446
2023-03-17,1.095,1.465
2023-03-20,1.024,1.422
2023-03-22,1.101,1.479
2023-03-23,1.092,1.495
2023-03-24,1.089,1.515
2023-03-27,1.108,1.552
2023-03-28,1.061,1.451
2023-03-29,1.009,1.381
2023-03-30,1.028,1.385
2023-03-31,1.044,1.389
2023-04-03,1.104,1.446
2023-04-04,1.14,1.494
2023-04-05,1.143,1.501
2023-04-06,1.125,1.48
2023-04-07,1.092,1.437
2023-04-10,1.096,1.457
2023-04-11,1.096,1.457
2023-04-12,1.105,1.444
2023-04-13,1.081,1.42
2023-04-14,1.096,1.433
2023-04-17,1.13,1.461
2023-04-18,1.122,1.466
2023-04-19,1.11,1.459
2023-04-20,1.127,1.479
2023-04-21,1.121,1.466
2023-04-24,1.132,1.486
2023-04-25,1.117,1.476
2023-04-26,1.086,1.446
2023-04-27,1.09,1.462
2023-04-28,1.003,1.366
2023-05-01,1.027,1.408
2023-05-02,1.041,1.416
2023-05-08,1.037,1.4
2023-05-09,1.051,1.412
2023-05-10,1.037,1.404
2023-05-11,1.0,1.363
2023-05-12,1.02,1.389
2023-05-15,1.033,1.405
2023-05-16,1.02,1.388
2023-05-17,0.977,1.37
2023-05-18,0.991,1.384
2023-05-19,1.005,1.4
2023-05-22,0.982,1.372
2023-05-23,1.004,1.38
2023-05-24,1.02,1.397
2023-05-25,1.043,1.428
2023-05-26,1.025,1.404
2023-05-29,1.044,1.416
2023-05-30,1.03,1.404
2023-05-31,1.03,1.412
2023-06-01,1.03,1.422
2023-06-02,1.036,1.435
2023-06-05,1.05,1.439
2023-06-06,1.03,1.423
2023-06-07,1.024,1.423
2023-06-08,1.039,1.443
2023-06-09,1.03,1.432
2023-06-12,1.035,1.432
2023-06-13,1.022,1.403
2023-06-14,1.026,1.388
2023-06-15,1.02,1.38
2023-06-16,1.008,1.375
2023-06-19,0.994,1.367
2023-06-20,0.985,1.358
2023-06-21,0.99,1.358
2023-06-22,0.995,1.375
2023-06-23,0.986,1.37
2023-06-26,0.963,1.344
2023-06-27,0.977,1.343
2023-06-28,0.986,1.36
2023-06-29,0.982,1.366
2023-06-30,1.014,1.404
2023-07-03,1.015,1.403
2023-07-04,1.001,1.405
2023-07-05,0.988,1.384
2023-07-06,1.002,1.375
2023-07-07,1.043,1.409
2023-07-10,1.098,1.447
2023-07-11,1.075,1.434
2023-07-12,1.11,1.459
2023-07-13,1.093,1.475
2023-07-14,1.12,1.508
2023-07-18,1.139,1.545
2023-07-19,1.108,1.512
2023-07-20,1.093,1.488
2023-07-21,1.107,1.484
2023-07-24,1.061,1.45
2023-07-25,1.071,1.471
2023-07-26,1.053,1.46
2023-07-27,1.05,1.448
2023-07-28,1.127,1.506
2023-07-31,1.223,1.603
2023-08-01,1.246,1.64
2023-08-02,1.269,1.662
2023-08-03,1.298,1.688
2023-08-04,1.317,1.719
2023-08-07,1.304,1.699
2023-08-08,1.273,1.656
2023-08-09,1.219,1.608
2023-08-10,1.252,1.654
2023-08-14,1.293,1.687
2023-08-15,1.305,1.688
2023-08-16,1.288,1.672
2023-08-17,1.345,1.722
2023-08-18,1.327,1.71
2023-08-21,1.357,1.733
2023-08-22,1.376,1.741
2023-08-23,1.388,1.752
2023-08-24,1.353,1.718
2023-08-25,1.358,1.721
2023-08-28,1.363,1.724
2023-08-29,1.34,1.716
2023-08-30,1.359,1.727
2023-08-31,1.359,1.736
2023-09-01,1.325,1.712
2023-09-04,1.343,1.732
2023-09-05,1.356,1.738
2023-09-06,1.352,1.723
2023-09-07,1.368,1.727
2023-09-08,1.373,1.738
2023-09-11,1.426,1.774
2023-09-12,1.43,1.775
2023-09-13,1.408,1.741
2023-09-14,1.404,1.73
2023-09-15,1.399,1.734
2023-09-19,1.421,1.758
2023-09-20,1.421,1.758
2023-09-21,1.428,1.738
2023-09-22,1.428,1.751
2023-09-25,1.425,1.75
2023-09-26,1.429,1.75
2023-09-27,1.432,1.753
2023-09-28,1.441,1.76
2023-09-29,1.456,1.776
2023-10-02,1.481,1.803
2023-10-03,1.485,1.807
2023-10-04,1.534,1.842
2023-10-05,1.547,1.858
2023-10-06,1.547,1.871
2023-10-10,1.527,1.867
2023-10-11,1.515,1.848
2023-10-12,1.478,1.81
2023-10-13,1.492,1.828
2023-10-16,1.5,1.845
2023-10-17,1.545,1.887
2023-10-18,1.571,1.893
2023-10-19,1.607,1.915
2023-10-20,1.616,1.929
2023-10-23,1.66,1.98
2023-10-24,1.634,1.965
2023-10-25,1.621,1.943
2023-10-26,1.651,1.955
2023-10-27,1.647,1.94
2023-10-30,1.664,1.948
2023-10-31,1.699,1.952
2023-11-01,1.708,1.969
2023-11-02,1.672,1.949
2023-11-06,1.621,1.912
2023-11-07,1.616,1.911
2023-11-08,1.577,1.873
2023-11-09,1.536,1.826
2023-11-10,1.555,1.834
2023-11-13,1.577,1.865
2023-11-14,1.565,1.862
2023-11-15,1.511,1.82
2023-11-16,1.52,1.83
2023-11-17,1.484,1.794
2023-11-20,1.471,1.781
2023-11-21,1.413,1.72
2023-11-22,1.463,1.773
2023-11-24,1.498,1.796
2023-11-27,1.512,1.819
2023-11-28,1.508,1.83
2023-11-29,1.436,1.791
2023-11-30,1.445,1.811
2023-12-01,1.449,1.81
2023-12-04,1.454,1.816
2023-12-05,1.446,1.807
2023-12-06,1.397,1.748
2023-12-07,1.5,1.816
2023-12-08,1.544,1.86
2023-12-11,1.544,1.87
2023-12-12,1.509,1.849
2023-12-13,1.442,1.778
2023-12-14,1.423,1.752
2023-12-15,1.443,1.757
2023-12-18,1.421,1.748
2023-12-19,1.38,1.695
2023-12-20,1.288,1.634
2023-12-21,1.318,1.671
2023-12-22,1.384,1.732
2023-12-25,1.378,1.728
2023-12-26,1.396,1.743
2023-12-27,1.359,1.708
2023-12-28,1.373,1.759
2023-12-29,1.404,1.793
2024-01-04,1.401,1.801
2024-01-05,1.383,1.773
2024-01-09,1.365,1.763
2024-01-10,1.36,1.75
2024-01-11,1.341,1.744
2024-01-12,1.336,1.745
2024-01-15,1.305,1.715
2024-01-16,1.329,1.735
2024-01-17,1.339,1.767
2024-01-18,1.42,1.849
2024-01-19,1.454,1.907
2024-01-22,1.439,1.904
2024-01-23,1.413,1.862
2024-01-24,1.492,1.928
2024-01-25,1.532,1.943
2024-01-26,1.506,1.924
2024-01-29,1.524,1.932
2024-01-30,1.498,1.906
2024-01-31,1.516,1.921
2024-02-01,1.476,1.894
2024-02-02,1.441,1.856
2024-02-05,1.49,1.895
2024-02-06,1.486,1.895
2024-02-07,1.468,1.876
2024-02-08,1.459,1.864
2024-02-09,1.49,1.876
2024-02-13,1.491,1.88
2024-02-14,1.508,1.896
2024-02-15,1.504,1.896
2024-02-16,1.491,1.869
2024-02-19,1.492,1.861
2024-02-20,1.474,1.834
2024-02-21,1.46,1.817
2024-02-22,1.443,1.817
2024-02-26,1.411,1.787
2024-02-27,1.421,1.794
2024-02-28,1.439,1.826
2024-02-29,1.452,1.857
2024-03-01,1.444,1.845
2024-03-04,1.458,1.869
2024-03-05,1.449,1.869
2024-03-06,1.448,1.865
2024-03-07,1.466,1.882
2024-03-08,1.483,1.9
2024-03-11,1.521,1.928
2024-03-12,1.518,1.935
2024-03-13,1.506,1.919
2024-03-14,1.533,1.939
2024-03-15,1.542,1.956
2024-03-18,1.512,1.924
2024-03-19,1.486,1.92
2024-03-21,1.492,1.92
2024-03-22,1.492,1.932
2024-03-25,1.493,1.944
2024-03-26,1.497,1.94
2024-03-27,1.472,1.921
2024-03-28,1.458,1.904
2024-03-29,1.484,1.939
2024-04-01,1.511,1.96
2024-04-02,1.53,1.982
2024-04-03,1.52,1.979
2024-04-04,1.529,1.979
2024-04-05,1.52,1.967
2024-04-08,1.538,1.984
2024-04-09,1.535,1.995
2024-04-10,1.556,2.017
2024-04-11,1.625,2.065
2024-04-12,1.635,2.056
2024-04-15,1.635,2.058
2024-04-16,1.644,2.071
2024-04-17,1.662,2.079
2024-04-18,1.626,2.055
2024-04-19,1.595,2.027
2024-04-22,1.643,2.066
2024-04-23,1.658,2.094
2024-04-24,1.654,2.099
2024-04-25,1.658,2.094
2024-04-26,1.681,2.103
2024-04-30,1.646,2.073
2024-05-01,1.668,2.102
2024-05-02,1.682,2.12
2024-05-07,1.66,2.119
2024-05-08,1.656,2.114
2024-05-09,1.678,2.125
2024-05-10,1.691,2.144
2024-05-13,1.73,2.17
2024-05-14,1.753,2.2
2024-05-15,1.744,2.204
2024-05-16,1.717,2.194
2024-05-17,1.744,2.215
2024-05-20,1.766,2.237
2024-05-21,1.776,2.237
2024-05-22,1.809,2.301
2024-05-23,1.827,2.316
2024-05-24,1.835,2.302
2024-05-27,1.836,2.303
2024-05-28,1.832,2.312
2024-05-29,1.858,2.342
2024-05-30,1.841,2.326
2024-05-31,1.85,2.346
2024-06-03,1.855,2.373
2024-06-04,1.841,2.353
2024-06-05,1.816,2.314
2024-06-06,1.747,2.232
2024-06-07,1.761,2.237
2024-06-10,1.821,2.314
2024-06-11,1.81,2.311
2024-06-12,1.784,2.283
2024-06-13,1.762,2.247
2024-06-14,1.732,2.227
2024-06-17,1.755,2.271
2024-06-18,1.777,2.292
2024-06-19,1.758,2.271
2024-06-20,1.769,2.259
2024-06-21,1.792,2.275
2024-06-24,1.811,2.3
2024-06-25,1.824,2.312
2024-06-26,1.851,2.352
2024-06-27,1.881,2.383
2024-06-28,1.848,2.349
2024-07-01,1.873,2.351
2024-07-02,1.894,2.352
2024-07-03,1.908,2.364
2024-07-04,1.908,2.364
2024-07-05,1.902,2.379
2024-07-08,1.907,2.385
2024-07-09,1.911,2.398
2024-07-10,1.924,2.415
2024-07-11,1.912,2.419
2024-07-12,1.873,2.387
2024-07-16,1.86,2.375
2024-07-17,1.861,2.376
2024-07-18,1.852,2.361
2024-07-19,1.843,2.345
2024-07-22,1.865,2.377
2024-07-23,1.865,2.385
2024-07-24,1.869,2.414
2024-07-25,1.847,2.381
2024-07-26,1.835,2.369
2024-07-29,1.814,2.346
2024-07-30,1.801,2.36
2024-07-31,1.844,2.396
2024-08-01,1.809,2.36
2024-08-02,1.746,2.302
2024-08-05,1.576,2.157
2024-08-06,1.734,2.318
2024-08-07,1.766,2.401
2024-08-08,1.704,2.306
2024-08-09,1.722,2.274
2024-08-13,1.714,2.282
2024-08-14,1.674,2.255
2024-08-15,1.684,2.255
2024-08-16,1.719,2.275
2024-08-19,1.75,2.304
2024-08-20,1.76,2.327
2024-08-21,1.733,2.319
2024-08-22,1.72,2.298
2024-08-23,1.733,2.298
2024-08-26,1.726,2.31
2024-08-27,1.716,2.296
2024-08-28,1.718,2.294
2024-08-29,1.738,2.317
2024-08-30,1.742,2.343
2024-09-02,1.755,2.362
2024-09-03,1.756,2.35
2024-09-04,1.729,2.324
2024-09-05,1.717,2.301
2024-09-06,1.694,2.27
2024-09-09,1.726,2.299
2024-09-10,1.736,2.314
2024-09-11,1.704,2.31
2024-09-12,1.708,2.314
2024-09-13,1.676,2.286
2024-09-17,1.662,2.258
2024-09-18,1.677,2.258
2024-09-19,1.722,2.327
2024-09-20,1.732,2.362
2024-09-24,1.695,2.341
2024-09-25,1.677,2.318
2024-09-26,1.709,2.363
2024-09-27,1.708,2.381
2024-09-30,1.709,2.35
2024-10-01,1.71,2.35
2024-10-02,1.687,2.346
2024-10-03,1.692,2.357
2024-10-04,1.701,2.353
2024-10-07,1.743,2.385
2024-10-08,1.746,2.388
2024-10-09,1.762,2.412
2024-10-10,1.788,2.451
2024-10-11,1.775,2.44
2024-10-15,1.789,2.441
2024-10-16,1.775,2.428
2024-10-17,1.776,2.399
2024-10-18,1.79,2.405
2024-10-21,1.79,2.424
2024-10-22,1.814,2.468
2024-10-23,1.818,2.468
2024-10-24,1.802,2.46
2024-10-25,1.789,2.428
2024-10-28,1.816,2.469
2024-10-29,1.812,2.473
2024-10-30,1.807,2.492
2024-10-31,1.786,2.492
2024-11-01,1.786,2.496
2024-11-05,1.787,2.499
2024-11-06,1.817,2.502
2024-11-07,1.839,2.523
2024-11-08,1.835,2.502
2024-11-11,1.84,2.503
2024-11-12,1.849,2.516
2024-11-13,1.871,2.541
2024-11-14,1.888,2.579
2024-11-15,1.884,2.579
2024-11-18,1.892,2.584
2024-11-19,1.889,2.572
2024-11-20,1.885,2.563
2024-11-21,1.899,2.553
2024-11-22,1.89,2.547
2024-11-25,1.881,2.548
2024-11-26,1.869,2.543
2024-11-27,1.891,2.579
2024-11-28,1.873,2.587
2024-11-29,1.855,2.568
2024-12-02,1.874,2.569
2024-12-03,1.874,2.573
2024-12-04,1.861,2.573
2024-12-05,1.875,2.59
2024-12-06,1.861,2.57
2024-12-09,1.849,2.565
2024-12-10,1.866,2.563
2024-12-11,1.866,2.55
2024-12-12,1.853,2.53
2024-12-13,1.848,2.551
2024-12-16,1.884,2.579
2024-12-17,1.889,2.592
2024-12-18,1.876,2.568
2024-12-19,1.881,2.572
2024-12-20,1.855,2.559
2024-12-23,1.871,2.564
2024-12-24,1.863,2.545
2024-12-25,1.859,2.536
2024-12-26,1.873,2.536
2024-12-27,1.898,2.56
2024-12-30,1.89,2.556
2025-01-06,1.915,2.583
2025-01-07,1.916,2.6
2025-01-08,1.951,2.619
2025-01-09,1.933,2.619
2025-01-10,1.959,2.639
2025-01-14,1.993,2.669
2025-01-15,2.002,2.691
2025-01-16,1.941,2.679
2025-01-17,1.925,2.649
2025-01-20,1.912,2.631
2025-01-21,1.913,2.609
2025-01-22,1.904,2.595
2025-01-23,1.913,2.591
2025-01-24,1.921,2.591
2025-01-27,1.918,2.579
2025-01-28,1.905,2.557
2025-01-29,1.896,2.547
2025-01-30,1.918,2.578
2025-01-31,1.953,2.592
2025-02-03,1.967,2.602
2025-02-04,1.993,2.608
2025-02-05,1.998,2.608
2025-02-06,1.959,2.544
2025-02-07,1.98,2.569
2025-02-10,1.985,2.573
2025-02-12,2.002,2.577
2025-02-13,2.019,2.59
2025-02-14,2.011,2.573
2025-02-17,2.011,2.569
2025-02-18,2.063,2.587
2025-02-19,2.063,2.568
2025-02-20,2.05,2.551
2025-02-21,2.054,2.556
2025-02-25,2.037,2.54
2025-02-26,2.028,2.553
2025-02-27,2.042,2.588
2025-02-28,2.032,2.622
2025-03-03,2.051,2.619
2025-03-04,2.065,2.619
2025-03-05,2.099,2.655
2025-03-06,2.18,2.707
2025-03-07,2.217,2.718
2025-03-10,2.279,2.753
2025-03-11,2.241,2.746
2025-03-12,2.228,2.756
2025-03-13,2.245,2.779
2025-03-14,2.236,2.785
2025-03-17,2.249,2.804
2025-03-18,2.233,2.809
2025-03-19,2.24,2.804
2025-03-21,2.238,2.795
2025-03-24,2.246,2.798
2025-03-25,2.268,2.792
2025-03-26,2.26,2.793
2025-03-27,2.26,2.742
2025-03-28,2.225,2.677
2025-03-31,2.202,2.69
2025-04-01,2.21,2.716
2025-04-02,2.17,2.651
2025-04-03,2.092,2.603
2025-04-04,1.946,2.524
2025-04-07,1.93,2.536
2025-04-08,2.11,2.728
2025-04-09,2.261,2.874
2025-04-10,2.279,2.843
2025-04-11,2.325,2.909
2025-04-14,2.389,3.001
2025-04-15,2.339,3.002
2025-04-16,2.266,2.928
2025-04-17,2.257,2.87
2025-04-18,2.27,2.914
2025-04-21,2.297,2.948
2025-04-22,2.267,2.938
2025-04-23,2.232,2.888
2025-04-24,2.226,2.906
2025-04-25,2.248,2.937
2025-04-28,2.236,2.938
2025-04-30,2.228,2.936
2025-05-01,2.224,2.943
2025-05-02,2.243,2.984
2025-05-07,2.312,3.083
2025-05-08,2.322,3.081
2025-05-09,2.356,3.127
2025-05-12,2.394,3.156
2025-05-13,2.356,3.097
2025-05-14,2.376,3.126
2025-05-15,2.404,3.168
2025-05-16,2.387,3.18
2025-05-19,2.412,3.178
2025-05-20,2.539,3.288
2025-05-21,2.528,3.3
2025-05-22,2.566,3.336
2025-05-23,2.523,3.249
2025-05-26,2.498,3.24
2025-05-27,2.354,3.062
2025-05-28,2.406,3.107
2025-05-29,2.451,3.125
2025-05-30,2.419,3.108
2025-06-02,2.406,3.085
2025-06-03,2.406,3.102
2025-06-04,2.431,3.137
2025-06-05,2.371,3.081
2025-06-06,2.35,3.053
2025-06-09,2.376,3.088
2025-06-10,2.402,3.091
2025-06-11,2.394,3.101
2025-06-12,2.406,3.089
2025-06-13,2.363,3.066
2025-06-16,2.393,3.07
2025-06-17,2.411,3.094
2025-06-18,2.399,3.097
2025-06-19,2.379,3.09
2025-06-20,2.375,3.102
2025-06-23,2.361,3.129
2025-06-24,2.361,3.125
2025-06-25,2.34,3.109
2025-06-26,2.339,3.102
2025-06-27,2.353,3.094
2025-06-30,2.371,3.093
2025-07-01,2.345,3.082
2025-07-02,2.352,3.074
2025-07-03,2.383,3.13
2025-07-04,2.391,3.129
2025-07-07,2.44,3.218
2025-07-08,2.505,3.31
2025-07-09,2.511,3.297
2025-07-10,2.508,3.301
2025-07-11,2.503,3.278
2025-07-14,2.593,3.403
2025-07-15,2.61,3.398
2025-07-16,2.564,3.32
2025-07-17,2.564,3.317
2025-07-18,2.526,3.302
2025-07-22,2.531,3.319
2025-07-23,2.59,3.379
2025-07-24,2.574,3.338
2025-07-25,2.553,3.301
2025-07-28,2.515,3.267
2025-07-29,2.532,3.28
2025-07-30,2.541,3.3
2025-07-31,2.542,3.308
2025-08-01,2.55,3.311
2025-08-04,2.55,3.329
2025-08-05,2.505,3.308
2025-08-06,2.517,3.288
2025-08-07,2.521,3.265
2025-08-08,2.519,3.251
2025-08-12,2.527,3.262
2025-08-13,2.531,3.255
2025-08-14,2.552,3.255
2025-08-15,2.56,3.277
2025-08-18,2.571,3.308
2025-08-19,2.594,3.323
2025-08-20,2.624,3.356
2025-08-21,2.63,3.359
2025-08-22,2.651,3.368
2025-08-25,2.636,3.369
2025-08-26,2.627,3.351
2025-08-27,2.64,3.369
2025-08-28,2.618,3.365
2025-08-29,2.596,3.348
2025-09-01,2.622,3.357
2025-09-02,2.615,3.373
2025-09-03,2.666,3.43
2025-09-04,2.651,3.417
2025-09-05,2.63,3.388
2025-09-08,2.661,3.442
2025-09-09,2.644,3.426
2025-09-10,2.631,3.398
2025-09-11,2.639,3.381
2025-09-12,2.634,3.351
2025-09-16,2.66,3.384
2025-09-17,2.63,3.371
2025-09-18,2.622,3.363
2025-09-19,2.625,3.32
2025-09-22,2.64,3.341
2025-09-24,2.619,3.327
2025-09-25,2.599,3.293
2025-09-26,2.624,3.341
2025-09-29,2.595,3.303
2025-09-30,2.607,3.314
2025-10-01,2.614,3.335
2025-10-02,2.622,3.353
2025-10-03,2.614,3.329
2025-10-06,2.681,3.439
2025-10-07,2.677,3.429
2025-10-08,2.688,3.404
2025-10-09,2.7,3.398
2025-10-10,2.693,3.385
2025-10-14,2.703,3.417
2025-10-15,2.684,3.367
2025-10-16,2.663,3.34
2025-10-17,2.651,3.357
2025-10-20,2.655,3.352
2025-10-21,2.652,3.362
2025-10-22,2.647,3.358
2025-10-23,2.63,3.335
2025-10-24,2.618,3.329
2025-10-27,2.627,3.352
2025-10-28,2.602,3.327
2025-10-29,2.597,3.31
2025-10-30,2.594,3.297
2025-10-31,2.605,3.304
2025-11-04,2.637,3.34
2025-11-05,2.624,3.34
2025-11-06,2.633,3.35
2025-11-07,2.642,3.358
2025-11-10,2.667,3.391
2025-11-11,2.688,3.424
2025-11-12,2.702,3.436
2025-11-13,2.706,3.437
2025-11-14,2.723,3.449
2025-11-17,2.746,3.493
2025-11-18,2.782,3.543
2025-11-19,2.81,3.572
2025-11-20,2.839,3.601
2025-11-21,2.794,3.551
2025-11-25,2.814,3.561
2025-11-26,2.815,3.552
2025-11-27,2.811,3.557
2025-11-28,2.819,3.558
2025-12-01,2.874,3.592
2025-12-02,2.862,3.556
2025-12-03,2.891,3.592
2025-12-04,2.902,3.559
2025-12-05,2.894,3.529
2025-12-08,2.92,3.541
2025-12-09,2.917,3.552
2025-12-10,2.918,3.568
2025-12-11,2.89,3.559
2025-12-12,2.894,3.532
2025-12-15,2.904,3.549
2025-12-16,2.892,3.528
2025-12-17,2.9,3.52
2025-12-18,2.91,3.536
2025-12-19,2.94,3.561
2025-12-22,2.965,3.562
2025-12-23,2.951,3.552
2025-12-24,2.954,3.546
2025-12-25,2.941,3.489
2025-12-26,2.932,3.467
2025-12-29,2.963,3.517
2025-12-30,2.952,3.475
2026-01-05,3.002,3.505
2026-01-06,3.029,3.544
2026-01-07,3.041,3.572
2026-01-08,3.028,3.595
2026-01-09,3.013,3.55
2026-01-13,3.081,3.629
2026-01-14,3.099,3.649
2026-01-15,3.078,3.616
2026-01-16,3.092,3.618
2026-01-19,3.174,3.721
2026-01-20,3.325,3.901
2026-01-21,3.25,3.788
2026-01-22,3.202,3.748
2026-01-23,3.198,3.708
2026-01-26,3.178,3.688
2026-01-27,3.207,3.708
2026-01-28,3.182,3.691
2026-01-29,3.174,3.657
2026-01-30,3.186,3.681
2026-02-02,3.187,3.707
2026-02-03,3.19,3.702
2026-02-04,3.19,3.719
2026-02-05,3.154,3.656
2026-02-06,3.15,3.632
2026-02-09,3.177,3.63
2026-02-10,3.129,3.563
2026-02-12,3.091,3.491
2026-02-13,3.079,3.512
2026-02-16,3.109,3.563
2026-02-17,3.016,3.489
2026-02-18,3.016,3.475
2026-02-19,3.003,3.452
2026-02-20,2.965,3.431
2026-02-24,2.94,3.405
2026-02-25,3.007,3.497
2026-02-26,3.012,3.475
2026-02-27,2.979,3.44
2026-03-02,2.941,3.399
2026-03-03,3.004,3.431
2026-03-04,3.008,3.45
2026-03-05,3.026,3.462
2026-03-06,3.042,3.465
2026-03-09,3.09,3.51
2026-03-10,3.069,3.501
2026-03-11,3.069,3.525
2026-03-12,3.095,3.56
2026-03-13,3.133,3.577
2026-03-16,3.167,3.619
2026-03-17,3.155,3.607
2026-03-18,3.113,3.558
2026-03-19,3.146,3.583
2026-03-23,3.188,3.606
2026-03-24,3.161,3.598
2026-03-25,3.136,3.565
2026-03-26,3.148,3.556
2026-03-27,3.268,3.717
2026-03-30,3.307,3.802
2026-03-31,3.284,3.713
2026-04-01,3.213,3.628
2026-04-02,3.271,3.675
2026-04-03,3.271,3.674
2026-04-06,3.326,3.747
2026-04-07,3.326,3.739
2026-04-08,3.272,3.678
2026-04-09,3.289,3.678
2026-04-10,3.326,3.682
2026-04-13,3.377,3.719
2026-04-14,3.296,3.655
2026-04-15,3.271,3.632
2026-04-16,3.282,3.657
2026-04-17,3.292,3.646
2026-04-20,3.263,3.604
2026-04-21,3.251,3.599
2026-04-22,3.268,3.602
2026-04-23,3.297,3.633
2026-04-24,3.318,3.667
2026-04-27,3.348,3.675
2026-04-28,3.326,3.659
2026-04-30,3.402,3.743
2026-05-01,3.381,3.73
2026-05-07,3.374,3.747
2026-05-08,3.369,3.739
2026-05-11,3.411,3.774
2026-05-12,3.445,3.815
2026-05-13,3.47,3.806
2026-05-14,3.527,3.868
2026-05-15,3.603,3.916
2026-05-18,3.665,4.006
2026-05-19,3.717,4.043
2026-05-20,3.685,3.99
2026-05-21,3.646,3.933
2026-05-22,3.644,3.921
2026-05-25,3.577,3.87
2026-05-26,3.589,3.836
2026-05-27,3.569,3.796
2026-05-28,3.594,3.814
2026-05-29,3.549,3.789
2026-06-01,3.567,3.8
2026-06-02,3.493,3.742
2026-06-03,3.521,3.748
2026-06-04,3.554,3.749
2026-06-05,3.551,3.753
2026-06-08,3.604,3.789
2026-06-09,3.543,3.759
2026-06-10,3.538,3.739
2026-06-11,3.554,3.774
2026-06-12,3.508,3.713
2026-06-15,3.461,3.674
2026-06-16,3.52,3.692
2026-06-17,3.49,3.654
2026-06-18,3.512,3.68
2026-06-19,3.549,3.741
2026-06-22,3.563,3.767
2026-06-23,3.554,3.76
2026-06-24,3.552,3.776
2026-06-25,3.526,3.724
2026-06-26,3.506,3.694
2026-06-29,3.54,3.715
2026-06-30,3.625,3.792
2026-07-01,3.632,3.782
2026-07-02,3.711,3.826
2026-07-03,3.699,3.834
2026-07-06,3.745,3.875
2026-07-07,3.749,3.879
2026-07-08,3.798,3.936
2026-07-09,3.795,3.962
2026-07-10,3.702,3.891
2026-07-13,3.698,3.861
2026-07-14,3.534,3.753
2026-07-15,3.566,3.753
2026-07-16,3.614,3.801
